"PackageId","Version","Updated"
"BenchmarkDotNet","0.10.3.1","2017-03-02T23:27:37.0000000Z"
"BenchmarkDotNet","0.10.3.2","2017-03-03T08:28:10.0000000Z"
"BenchmarkDotNet","0.10.3.3","2017-03-03T11:52:05.0000000Z"
"BenchmarkDotNet","0.10.3.4","2017-03-03T11:55:56.0000000Z"
"BenchmarkDotNet","0.10.3.5","2017-03-03T12:34:50.0000000Z"
"BenchmarkDotNet","0.10.3.6","2017-03-03T13:00:53.0000000Z"
"BenchmarkDotNet","0.10.3.7","2017-03-03T14:13:53.0000000Z"
"BenchmarkDotNet","0.10.3.8","2017-03-03T14:29:02.0000000Z"
"BenchmarkDotNet","0.10.3.10","2017-03-03T16:24:25.0000000Z"
"BenchmarkDotNet","0.10.3.11","2017-03-03T17:02:42.0000000Z"
"BenchmarkDotNet","0.10.3.12","2017-03-03T17:18:54.0000000Z"
"BenchmarkDotNet","0.10.3.13-nightly","2017-03-04T07:47:33.0000000Z"
"BenchmarkDotNet","0.10.3.14-nightly","2017-03-04T08:34:49.0000000Z"
"BenchmarkDotNet","0.10.3.15","2017-03-04T10:48:17.0000000Z"
"BenchmarkDotNet","0.10.3.17","2017-03-04T13:25:34.0000000Z"
"BenchmarkDotNet","0.10.3.18","2017-03-04T14:47:27.0000000Z"
"BenchmarkDotNet","0.10.3.28","2017-03-06T18:09:03.0000000Z"
"BenchmarkDotNet","0.10.3.29","2017-03-07T05:30:46.0000000Z"
"BenchmarkDotNet","0.10.3.30","2017-03-07T07:50:00.0000000Z"
"BenchmarkDotNet","0.10.3.31","2017-03-09T07:11:25.0000000Z"
"BenchmarkDotNet","0.10.3.32","2017-03-12T22:39:07.0000000Z"
"BenchmarkDotNet","0.10.3.33","2017-03-13T19:00:03.0000000Z"
"BenchmarkDotNet","0.10.3.34","2017-03-16T20:24:02.0000000Z"
"BenchmarkDotNet","0.10.3.36","2017-03-18T22:17:47.0000000Z"
"BenchmarkDotNet","0.10.3.37","2017-03-19T10:35:23.0000000Z"
"BenchmarkDotNet","0.10.3.38","2017-03-19T21:34:25.0000000Z"
"BenchmarkDotNet","0.10.3.39","2017-03-19T21:40:29.0000000Z"
"BenchmarkDotNet","0.10.3.40","2017-03-22T19:46:23.0000000Z"
"BenchmarkDotNet","0.10.3.42","2017-03-23T05:32:28.0000000Z"
"BenchmarkDotNet","0.10.3.43","2017-03-23T16:55:44.0000000Z"
"BenchmarkDotNet","0.10.3.44","2017-03-23T16:58:30.0000000Z"
"BenchmarkDotNet","0.10.3.45","2017-03-23T18:39:46.0000000Z"
"BenchmarkDotNet","0.10.3.47","2017-03-26T20:37:01.0000000Z"
"BenchmarkDotNet","0.10.3.48","2017-03-27T16:06:47.0000000Z"
"BenchmarkDotNet","0.10.3.49","2017-03-27T16:49:13.0000000Z"
"BenchmarkDotNet","0.10.3.50","2017-03-28T06:39:49.0000000Z"
"BenchmarkDotNet","0.10.3.51","2017-03-28T06:59:26.0000000Z"
"BenchmarkDotNet","0.10.3.52","2017-03-28T07:09:57.0000000Z"
"BenchmarkDotNet","0.10.3.53","2017-03-28T08:15:17.0000000Z"
"BenchmarkDotNet","0.10.3.54","2017-03-28T15:33:53.0000000Z"
"BenchmarkDotNet","0.10.3.55","2017-03-28T15:38:28.0000000Z"
"BenchmarkDotNet","0.10.3.56","2017-03-29T04:47:29.0000000Z"
"BenchmarkDotNet","0.10.3.57","2017-03-29T21:40:58.0000000Z"
"BenchmarkDotNet","0.10.3.58","2017-03-30T16:47:09.0000000Z"
"BenchmarkDotNet","0.10.3.59","2017-03-30T20:53:57.0000000Z"
"BenchmarkDotNet","0.10.3.60","2017-03-31T09:55:18.0000000Z"
"BenchmarkDotNet","0.10.3.61","2017-04-01T02:12:25.0000000Z"
"BenchmarkDotNet","0.10.3.62","2017-04-01T08:56:54.0000000Z"
"BenchmarkDotNet","0.10.3.63","2017-04-01T11:20:48.0000000Z"
"BenchmarkDotNet","0.10.3.64","2017-04-01T11:32:34.0000000Z"
"BenchmarkDotNet","0.10.3.66","2017-04-01T11:58:39.0000000Z"
"BenchmarkDotNet","0.10.3.67","2017-04-01T19:02:48.0000000Z"
"BenchmarkDotNet","0.10.3.68","2017-04-01T19:24:34.0000000Z"
"BenchmarkDotNet","0.10.3.69","2017-04-01T20:24:06.0000000Z"
"BenchmarkDotNet","0.10.3.70","2017-04-01T20:39:55.0000000Z"
"BenchmarkDotNet","0.10.3.72","2017-04-02T12:08:08.0000000Z"
"BenchmarkDotNet","0.10.3.73","2017-04-02T12:28:23.0000000Z"
"BenchmarkDotNet","0.10.3.74","2017-04-02T12:49:52.0000000Z"
"BenchmarkDotNet","0.10.3.75","2017-04-02T18:10:05.0000000Z"
"BenchmarkDotNet","0.10.3.76","2017-04-03T06:19:14.0000000Z"
"BenchmarkDotNet","0.10.3.77","2017-04-03T08:58:50.0000000Z"
"BenchmarkDotNet","0.10.3.78","2017-04-03T10:10:51.0000000Z"
"BenchmarkDotNet","0.10.3.79","2017-04-03T11:19:30.0000000Z"
"BenchmarkDotNet","0.10.3.80","2017-04-03T17:18:40.0000000Z"
"BenchmarkDotNet","0.10.3.81","2017-04-03T17:34:29.0000000Z"
"BenchmarkDotNet","0.10.3.82","2017-04-03T17:54:04.0000000Z"
"BenchmarkDotNet","0.10.3.85","2017-04-07T07:58:57.0000000Z"
"BenchmarkDotNet","0.10.3.86","2017-04-07T08:14:02.0000000Z"
"BenchmarkDotNet","0.10.3.87","2017-04-07T18:36:30.0000000Z"
"BenchmarkDotNet","0.10.3.88","2017-04-09T05:38:36.0000000Z"
"BenchmarkDotNet","0.10.3.90","2017-04-09T16:35:52.0000000Z"
"BenchmarkDotNet","0.10.3.91","2017-04-09T20:52:48.0000000Z"
"BenchmarkDotNet","0.10.3.92","2017-04-10T08:44:09.0000000Z"
"BenchmarkDotNet","0.10.3.93","2017-04-10T08:55:43.0000000Z"
"BenchmarkDotNet","0.10.3.94","2017-04-12T07:11:57.0000000Z"
"BenchmarkDotNet","0.10.3.95","2017-04-12T07:17:48.0000000Z"
"BenchmarkDotNet","0.10.3.96","2017-04-12T07:33:17.0000000Z"
"BenchmarkDotNet","0.10.3.97","2017-04-12T08:07:36.0000000Z"
"BenchmarkDotNet","0.10.3.98","2017-04-12T08:12:21.0000000Z"
"BenchmarkDotNet","0.10.3.100","2017-04-13T16:36:31.0000000Z"
"BenchmarkDotNet","0.10.3.101","2017-04-14T19:06:50.0000000Z"
"BenchmarkDotNet","0.10.3.102","2017-04-15T08:18:34.0000000Z"
"BenchmarkDotNet","0.10.3.104","2017-04-16T09:38:40.0000000Z"
"BenchmarkDotNet","0.10.3.105","2017-04-16T17:35:15.0000000Z"
"BenchmarkDotNet","0.10.3.106","2017-04-16T18:24:33.0000000Z"
"BenchmarkDotNet","0.10.3.109","2017-04-16T18:48:08.0000000Z"
"BenchmarkDotNet","0.10.3.110","2017-04-16T19:00:38.0000000Z"
"BenchmarkDotNet","0.10.3.111","2017-04-16T22:02:40.0000000Z"
"BenchmarkDotNet","0.10.3.112","2017-04-17T17:01:23.0000000Z"
"BenchmarkDotNet","0.10.3.113","2017-04-17T21:14:32.0000000Z"
"BenchmarkDotNet","0.10.3.114","2017-04-17T21:45:50.0000000Z"
"BenchmarkDotNet","0.10.3.116","2017-04-19T10:09:50.0000000Z"
"BenchmarkDotNet","0.10.3.117","2017-04-19T13:04:16.0000000Z"
"BenchmarkDotNet","0.10.3.119","2017-04-19T18:08:46.0000000Z"
"BenchmarkDotNet","0.10.3.124","2017-04-20T10:47:04.0000000Z"
"BenchmarkDotNet","0.10.3.125","2017-04-20T10:49:39.0000000Z"
"BenchmarkDotNet","0.10.3.127","2017-04-20T16:52:18.0000000Z"
"BenchmarkDotNet","0.10.3.129","2017-04-20T18:13:05.0000000Z"
"BenchmarkDotNet","0.10.3.130","2017-04-21T06:19:10.0000000Z"
"BenchmarkDotNet","0.10.3.131","2017-04-21T07:29:54.0000000Z"
"BenchmarkDotNet","0.10.3.133","2017-04-21T13:30:18.0000000Z"
"BenchmarkDotNet","0.10.3.134","2017-04-21T13:43:46.0000000Z"
"BenchmarkDotNet","0.10.3.135","2017-04-21T14:01:42.0000000Z"
"BenchmarkDotNet","0.10.3.136","2017-04-21T14:15:25.0000000Z"
"BenchmarkDotNet","0.10.3.138","2017-04-21T18:54:49.0000000Z"
"BenchmarkDotNet","0.10.3.139","2017-04-21T19:15:57.0000000Z"
"BenchmarkDotNet","0.10.4.140","2017-04-21T19:31:49.0000000Z"
"BenchmarkDotNet","0.10.4.141","2017-04-22T13:56:55.0000000Z"
"BenchmarkDotNet","0.10.4.143","2017-04-22T14:13:48.0000000Z"
"BenchmarkDotNet","0.10.4.144","2017-04-22T14:37:29.0000000Z"
"BenchmarkDotNet","0.10.4.145","2017-04-22T19:18:48.0000000Z"
"BenchmarkDotNet","0.10.4.146","2017-04-22T19:24:07.0000000Z"
"BenchmarkDotNet","0.10.4.147","2017-04-23T07:56:15.0000000Z"
"BenchmarkDotNet","0.10.4.148","2017-04-23T09:07:36.0000000Z"
"BenchmarkDotNet","0.10.4.149","2017-04-24T10:38:26.0000000Z"
"BenchmarkDotNet","0.10.4.150","2017-04-24T10:47:01.0000000Z"
"BenchmarkDotNet","0.10.4.151","2017-04-24T19:43:06.0000000Z"
"BenchmarkDotNet","0.10.4.152","2017-04-24T22:01:12.0000000Z"
"BenchmarkDotNet","0.10.4.155","2017-04-25T09:50:30.0000000Z"
"BenchmarkDotNet","0.10.4.158","2017-04-25T20:32:18.0000000Z"
"BenchmarkDotNet","0.10.5.159","2017-04-26T12:03:20.0000000Z"
"BenchmarkDotNet","0.10.5.160","2017-05-01T14:39:58.0000000Z"
"BenchmarkDotNet","0.10.5.161","2017-05-03T18:43:34.0000000Z"
"BenchmarkDotNet","0.10.5.164","2017-05-03T19:00:39.0000000Z"
"BenchmarkDotNet","0.10.5.165","2017-05-03T19:13:25.0000000Z"
"BenchmarkDotNet","0.10.5.166","2017-05-04T18:17:33.0000000Z"
"BenchmarkDotNet","0.10.5.168","2017-05-04T21:36:24.0000000Z"
"BenchmarkDotNet","0.10.5.167","2017-05-04T21:37:27.0000000Z"
"BenchmarkDotNet","0.10.5.169","2017-05-05T11:33:07.0000000Z"
"BenchmarkDotNet","0.10.5.170","2017-05-05T11:59:27.0000000Z"
"BenchmarkDotNet","0.10.5.171","2017-05-05T12:02:57.0000000Z"
"BenchmarkDotNet","0.10.5.172","2017-05-06T12:29:40.0000000Z"
"BenchmarkDotNet","0.10.5.173","2017-05-06T13:15:52.0000000Z"
"BenchmarkDotNet","0.10.5.174","2017-05-06T14:56:54.0000000Z"
"BenchmarkDotNet","0.10.5.175","2017-05-09T13:52:48.0000000Z"
"BenchmarkDotNet","0.10.5.176","2017-05-11T08:02:39.0000000Z"
"BenchmarkDotNet","0.10.5.177","2017-05-11T09:30:15.0000000Z"
"BenchmarkDotNet","0.10.5.178","2017-05-11T17:13:54.0000000Z"
"BenchmarkDotNet","0.10.5.181","2017-05-11T18:13:44.0000000Z"
"BenchmarkDotNet","0.10.5.182","2017-05-12T07:44:44.0000000Z"
"BenchmarkDotNet","0.10.6.183","2017-05-12T08:03:15.0000000Z"
"BenchmarkDotNet","0.10.5.184","2017-05-12T10:43:02.0000000Z"
"BenchmarkDotNet","0.10.6.185","2017-05-13T10:18:04.0000000Z"
"BenchmarkDotNet","0.10.6.186","2017-05-13T17:09:29.0000000Z"
"BenchmarkDotNet","0.10.6.187","2017-05-13T22:46:58.0000000Z"
"BenchmarkDotNet","0.10.6.188","2017-05-21T13:40:25.0000000Z"
"BenchmarkDotNet","0.10.6.189","2017-05-22T08:41:22.0000000Z"
"BenchmarkDotNet","0.10.6.190","2017-05-22T18:55:22.0000000Z"
"BenchmarkDotNet","0.10.6.192","2017-05-29T18:51:48.0000000Z"
"BenchmarkDotNet","0.10.6.193","2017-05-29T20:32:51.0000000Z"
"BenchmarkDotNet","0.10.6.194","2017-05-30T13:19:33.0000000Z"
"BenchmarkDotNet","0.10.6.195","2017-05-30T15:40:11.0000000Z"
"BenchmarkDotNet","0.10.6.196","2017-05-30T19:42:19.0000000Z"
"BenchmarkDotNet","0.10.6.197","2017-05-31T17:56:56.0000000Z"
"BenchmarkDotNet","0.10.6.198","2017-06-01T05:41:22.0000000Z"
"BenchmarkDotNet","0.10.6.199","2017-06-01T06:14:49.0000000Z"
"BenchmarkDotNet","0.10.6.202","2017-06-02T19:22:36.0000000Z"
"BenchmarkDotNet","0.10.6.203","2017-06-04T16:49:22.0000000Z"
"BenchmarkDotNet","0.10.6.204","2017-06-04T16:57:53.0000000Z"
"BenchmarkDotNet","0.10.6.205","2017-06-05T13:55:43.0000000Z"
"BenchmarkDotNet","0.10.7.206","2017-06-05T14:06:16.0000000Z"
"BenchmarkDotNet","0.10.7.209","2017-06-06T10:04:42.0000000Z"
"BenchmarkDotNet","0.10.7.211","2017-06-07T07:36:25.0000000Z"
"BenchmarkDotNet","0.10.7.212","2017-06-08T00:07:06.0000000Z"
"BenchmarkDotNet","0.10.7.213","2017-06-08T12:28:12.0000000Z"
"BenchmarkDotNet","0.10.7.214","2017-06-08T15:35:33.0000000Z"
"BenchmarkDotNet","0.10.7.215","2017-06-08T16:14:29.0000000Z"
"BenchmarkDotNet","0.10.8.216","2017-06-09T06:34:03.0000000Z"
"BenchmarkDotNet","0.10.8.218","2017-06-10T17:20:01.0000000Z"
"BenchmarkDotNet","0.10.8.220","2017-06-10T17:33:02.0000000Z"
"BenchmarkDotNet","0.10.8.222","2017-06-11T13:20:10.0000000Z"
"BenchmarkDotNet","0.10.8.223","2017-06-13T11:43:31.0000000Z"
"BenchmarkDotNet","0.10.8.224","2017-06-14T02:22:53.0000000Z"
"BenchmarkDotNet","0.10.8.225","2017-06-14T06:10:21.0000000Z"
"BenchmarkDotNet","0.10.8.226","2017-06-14T12:45:42.0000000Z"
"BenchmarkDotNet","0.10.8.227","2017-06-14T20:32:21.0000000Z"
"BenchmarkDotNet","0.10.8.229","2017-06-17T10:32:04.0000000Z"
"BenchmarkDotNet","0.10.8.230","2017-06-17T11:31:03.0000000Z"
"BenchmarkDotNet","0.10.8.231","2017-06-19T21:12:01.0000000Z"
"BenchmarkDotNet","0.10.8.232","2017-06-20T14:42:48.0000000Z"
"BenchmarkDotNet","0.10.8.234","2017-06-22T08:28:25.0000000Z"
"BenchmarkDotNet","0.10.8.235","2017-06-24T08:03:32.0000000Z"
"BenchmarkDotNet","0.10.8.236","2017-06-24T08:35:11.0000000Z"
"BenchmarkDotNet","0.10.8.237","2017-06-27T22:04:49.0000000Z"
"BenchmarkDotNet","0.10.8.238","2017-06-28T07:11:09.0000000Z"
"BenchmarkDotNet","0.10.8.239","2017-06-28T21:38:07.0000000Z"
"BenchmarkDotNet","0.10.8.240","2017-06-29T20:58:04.0000000Z"
"BenchmarkDotNet","0.10.8.241","2017-06-30T23:50:15.0000000Z"
"BenchmarkDotNet","0.10.8.242","2017-07-02T17:00:43.0000000Z"
"BenchmarkDotNet","0.10.8.243","2017-07-03T09:20:29.0000000Z"
"BenchmarkDotNet","0.10.8.244","2017-07-03T10:10:23.0000000Z"
"BenchmarkDotNet","0.10.8.245","2017-07-07T07:54:03.0000000Z"
"BenchmarkDotNet","0.10.8.246","2017-07-07T08:17:44.0000000Z"
"BenchmarkDotNet","0.10.8.250","2017-07-19T08:05:28.0000000Z"
"BenchmarkDotNet","0.10.8.252","2017-07-21T08:50:02.0000000Z"
"BenchmarkDotNet","0.10.8.255","2017-07-21T16:54:53.0000000Z"
"BenchmarkDotNet","0.10.8.256","2017-07-25T10:06:32.0000000Z"
"BenchmarkDotNet","0.10.8.257","2017-07-25T11:52:08.0000000Z"
"BenchmarkDotNet","0.10.8.258","2017-07-27T13:44:04.0000000Z"
"BenchmarkDotNet","0.10.8.259","2017-07-28T13:28:50.0000000Z"
"BenchmarkDotNet","0.10.9.260","2017-07-28T15:00:38.0000000Z"
"BenchmarkDotNet","0.10.9.261","2017-07-28T16:25:23.0000000Z"
"BenchmarkDotNet","0.10.9.262","2017-07-29T22:47:38.0000000Z"
"BenchmarkDotNet","0.10.8.263","2017-07-30T09:29:17.0000000Z"
"BenchmarkDotNet","0.10.9.264","2017-08-01T19:30:29.0000000Z"
"BenchmarkDotNet","0.10.9.265","2017-08-02T10:38:36.0000000Z"
"BenchmarkDotNet","0.10.9.266","2017-08-03T07:45:08.0000000Z"
"BenchmarkDotNet","0.10.9.269","2017-08-05T21:28:20.0000000Z"
"BenchmarkDotNet","0.10.8.270","2017-08-06T20:32:11.0000000Z"
"BenchmarkDotNet","0.10.9.271","2017-08-07T15:16:21.0000000Z"
"BenchmarkDotNet","0.10.8.272","2017-08-09T09:31:35.0000000Z"
"BenchmarkDotNet","0.10.9.273","2017-08-13T07:25:22.0000000Z"
"BenchmarkDotNet","0.10.9.274","2017-08-13T07:43:55.0000000Z"
"BenchmarkDotNet","0.10.9.275","2017-08-13T08:01:58.0000000Z"
"BenchmarkDotNet","0.10.9.276","2017-08-13T09:20:15.0000000Z"
"BenchmarkDotNet","0.10.8.280","2017-08-15T16:46:34.0000000Z"
"BenchmarkDotNet","0.10.9.281","2017-08-15T17:37:31.0000000Z"
"BenchmarkDotNet","0.10.9.283","2017-08-21T05:53:25.0000000Z"
"BenchmarkDotNet","0.10.9.284","2017-08-22T14:28:09.0000000Z"
"BenchmarkDotNet","0.10.9.285","2017-08-22T21:18:02.0000000Z"
"BenchmarkDotNet","0.10.9.287","2017-08-28T10:21:31.0000000Z"
"BenchmarkDotNet","0.10.9.288","2017-08-30T22:00:43.0000000Z"
"BenchmarkDotNet","0.10.9.289","2017-08-30T22:55:00.0000000Z"
"BenchmarkDotNet","0.10.9.290","2017-08-31T10:55:51.0000000Z"
"BenchmarkDotNet","0.10.9.292","2017-09-01T11:55:30.0000000Z"
"BenchmarkDotNet","0.10.9.293","2017-09-02T13:18:41.0000000Z"
"BenchmarkDotNet","0.10.9.295","2017-09-03T16:07:16.0000000Z"
"BenchmarkDotNet","0.10.9.296","2017-09-03T21:12:22.0000000Z"
"BenchmarkDotNet","0.10.9.297","2017-09-04T18:36:40.0000000Z"
"BenchmarkDotNet","0.10.9.301","2017-09-06T16:28:22.0000000Z"
"BenchmarkDotNet","0.10.9.302","2017-09-06T19:46:31.0000000Z"
"BenchmarkDotNet","0.10.9.304","2017-09-07T14:44:49.0000000Z"
"BenchmarkDotNet","0.10.9.305","2017-09-10T12:49:09.0000000Z"
"BenchmarkDotNet","0.10.9.306","2017-09-10T14:06:59.0000000Z"
"BenchmarkDotNet","0.10.9.308","2017-09-12T08:33:36.0000000Z"
"BenchmarkDotNet","0.10.9.309","2017-09-14T15:18:50.0000000Z"
"BenchmarkDotNet","0.10.9.310","2017-09-15T07:39:24.0000000Z"
"BenchmarkDotNet","0.10.9.311","2017-09-18T09:52:56.0000000Z"
"BenchmarkDotNet","0.10.9.312","2017-09-25T08:53:58.0000000Z"
"BenchmarkDotNet","0.10.9.313","2017-09-26T08:39:51.0000000Z"
"BenchmarkDotNet","0.10.9.314","2017-09-30T17:21:00.0000000Z"
"BenchmarkDotNet","0.10.9.315","2017-09-30T18:02:00.0000000Z"
"BenchmarkDotNet","0.10.8.317","2017-10-09T17:51:20.0000000Z"
"BenchmarkDotNet","0.10.9.319","2017-10-09T22:33:28.0000000Z"
"BenchmarkDotNet","0.10.9.320","2017-10-10T09:07:23.0000000Z"
"BenchmarkDotNet","0.10.9.321","2017-10-12T17:04:29.0000000Z"
"BenchmarkDotNet","0.10.9.322","2017-10-14T09:58:05.0000000Z"
"BenchmarkDotNet","0.10.9.323","2017-10-15T16:30:29.0000000Z"
"BenchmarkDotNet","0.10.9.324","2017-10-15T16:47:32.0000000Z"
"BenchmarkDotNet","0.10.9.325","2017-10-17T09:56:11.0000000Z"
"BenchmarkDotNet","0.10.9.326","2017-10-18T15:01:50.0000000Z"
"BenchmarkDotNet","0.10.9.327","2017-10-21T09:06:14.0000000Z"
"BenchmarkDotNet","0.10.9.328","2017-10-21T10:50:02.0000000Z"
"BenchmarkDotNet","0.10.9.329","2017-10-22T13:57:28.0000000Z"
"BenchmarkDotNet","0.10.9.332","2017-10-31T13:27:54.0000000Z"
"BenchmarkDotNet","0.10.9.333","2017-10-31T16:50:48.0000000Z"
"BenchmarkDotNet","0.10.9.334","2017-11-02T11:13:23.0000000Z"
"BenchmarkDotNet","0.10.9.335","2017-11-02T11:54:58.0000000Z"
"BenchmarkDotNet","0.10.10.336","2017-11-03T01:36:26.0000000Z"
"BenchmarkDotNet","0.10.10.338","2017-11-07T03:41:27.0000000Z"
"BenchmarkDotNet","0.10.10.339","2017-11-07T09:19:45.0000000Z"
"BenchmarkDotNet","0.10.10.341","2017-11-17T17:05:19.0000000Z"
"BenchmarkDotNet","0.10.10.342","2017-11-18T20:17:30.0000000Z"
"BenchmarkDotNet","0.10.10.343","2017-11-18T20:38:10.0000000Z"
"BenchmarkDotNet","0.10.10.350","2017-11-23T19:16:12.0000000Z"
"BenchmarkDotNet","0.10.10.351","2017-11-24T07:13:10.0000000Z"
"BenchmarkDotNet","0.10.10.352","2017-11-24T21:18:23.0000000Z"
"BenchmarkDotNet","0.10.10.353","2017-11-25T23:41:40.0000000Z"
"BenchmarkDotNet","0.10.10.355","2017-11-30T07:42:31.0000000Z"
"BenchmarkDotNet","0.10.11.356","2017-12-01T15:06:30.0000000Z"
"BenchmarkDotNet","0.10.11.359","2017-12-04T22:32:58.0000000Z"
"BenchmarkDotNet","0.10.11.360","2017-12-05T17:41:47.0000000Z"
"BenchmarkDotNet","0.10.11.361","2017-12-05T20:36:49.0000000Z"
"BenchmarkDotNet","0.10.11.362","2017-12-07T01:35:57.0000000Z"
"BenchmarkDotNet","0.10.11.363","2017-12-07T16:40:39.0000000Z"
"BenchmarkDotNet","0.10.11.364","2017-12-07T17:47:05.0000000Z"
"BenchmarkDotNet","0.10.11.366","2017-12-08T08:24:55.0000000Z"
"BenchmarkDotNet","0.10.11.367","2017-12-09T21:25:54.0000000Z"
"BenchmarkDotNet","0.10.11.368","2017-12-15T08:26:33.0000000Z"
"BenchmarkDotNet","0.10.11.371","2017-12-16T11:16:28.0000000Z"
"BenchmarkDotNet","0.10.11.372","2017-12-16T18:01:24.0000000Z"
"BenchmarkDotNet","0.10.11.373","2017-12-30T22:40:08.0000000Z"
"BenchmarkDotNet","0.10.11.374","2017-12-31T00:23:20.0000000Z"
"BenchmarkDotNet","0.10.11.375","2018-01-05T16:53:02.0000000Z"
"BenchmarkDotNet","0.10.11.376","2018-01-05T19:07:02.0000000Z"
"BenchmarkDotNet","0.10.11.379","2018-01-11T19:15:36.0000000Z"
"BenchmarkDotNet","0.10.11.383","2018-01-11T22:53:32.0000000Z"
"BenchmarkDotNet","0.10.11.385","2018-01-11T23:11:37.0000000Z"
"BenchmarkDotNet","0.10.11.386","2018-01-12T11:13:15.0000000Z"
"BenchmarkDotNet","0.10.11.387","2018-01-12T14:48:54.0000000Z"
"BenchmarkDotNet","0.10.11.388","2018-01-12T15:42:30.0000000Z"
"BenchmarkDotNet","0.10.11.389","2018-01-12T15:49:23.0000000Z"
"BenchmarkDotNet","0.10.11.390","2018-01-12T16:18:53.0000000Z"
"BenchmarkDotNet","0.10.11.391","2018-01-12T16:25:48.0000000Z"
"BenchmarkDotNet","0.10.11.392","2018-01-12T17:46:43.0000000Z"
"BenchmarkDotNet","0.10.11.393","2018-01-13T02:22:24.0000000Z"
"BenchmarkDotNet","0.10.11.394","2018-01-13T02:23:46.0000000Z"
"BenchmarkDotNet","0.10.11.395","2018-01-13T14:21:57.0000000Z"
"BenchmarkDotNet","0.10.11.396","2018-01-13T15:48:41.0000000Z"
"BenchmarkDotNet","0.10.11.397","2018-01-13T19:14:10.0000000Z"
"BenchmarkDotNet","0.10.11.398","2018-01-13T19:42:13.0000000Z"
"BenchmarkDotNet","0.10.11.399","2018-01-13T20:01:15.0000000Z"
"BenchmarkDotNet","0.10.11.401","2018-01-13T21:55:00.0000000Z"
"BenchmarkDotNet","0.10.11.402","2018-01-13T23:40:47.0000000Z"
"BenchmarkDotNet","0.10.11.403","2018-01-13T23:55:56.0000000Z"
"BenchmarkDotNet","0.10.11.406","2018-01-14T00:15:17.0000000Z"
"BenchmarkDotNet","0.10.11.407","2018-01-14T19:05:23.0000000Z"
"BenchmarkDotNet","0.10.12.408","2018-01-14T21:58:09.0000000Z"
"BenchmarkDotNet","0.10.12.409","2018-01-14T23:00:10.0000000Z"
"BenchmarkDotNet","0.10.12.410","2018-01-15T10:04:58.0000000Z"
"BenchmarkDotNet","0.10.12.411","2018-01-16T18:38:51.0000000Z"
"BenchmarkDotNet","0.10.12.413","2018-01-19T13:31:35.0000000Z"
"BenchmarkDotNet","0.10.12.414","2018-01-23T08:30:21.0000000Z"
"BenchmarkDotNet","0.10.12.415","2018-01-23T10:58:03.0000000Z"
"BenchmarkDotNet","0.10.12.416","2018-01-25T08:58:27.0000000Z"
"BenchmarkDotNet","0.10.12.417","2018-01-31T09:28:51.0000000Z"
"BenchmarkDotNet","0.10.12.418","2018-01-31T19:25:02.0000000Z"
"BenchmarkDotNet","0.10.12.419","2018-02-01T11:37:37.0000000Z"
"BenchmarkDotNet","0.10.12.423","2018-02-05T00:24:01.0000000Z"
"BenchmarkDotNet","0.10.12.424","2018-02-06T08:51:13.0000000Z"
"BenchmarkDotNet","0.10.12.425","2018-02-06T15:37:08.0000000Z"
"BenchmarkDotNet","0.10.12.426","2018-02-06T17:01:45.0000000Z"
"BenchmarkDotNet","0.10.12.427","2018-02-06T20:31:14.0000000Z"
"BenchmarkDotNet","0.10.12.429","2018-02-09T15:03:37.0000000Z"
"BenchmarkDotNet","0.10.12.430","2018-02-14T15:43:37.0000000Z"
"BenchmarkDotNet","0.10.12.431","2018-02-14T16:09:34.0000000Z"
"BenchmarkDotNet","0.10.12.432","2018-02-15T08:42:14.0000000Z"
"BenchmarkDotNet","0.10.12.433","2018-02-15T17:31:41.0000000Z"
"BenchmarkDotNet","0.10.12.434","2018-02-16T16:34:01.0000000Z"
"BenchmarkDotNet","0.10.12.435","2018-02-16T21:12:29.0000000Z"
"BenchmarkDotNet","0.10.12.438","2018-02-18T13:51:38.0000000Z"
"BenchmarkDotNet","0.10.12.441","2018-02-18T17:54:14.0000000Z"
"BenchmarkDotNet","0.10.12.442","2018-02-18T19:26:04.0000000Z"
"BenchmarkDotNet","0.10.12.443","2018-02-19T15:41:54.0000000Z"
"BenchmarkDotNet","0.10.12.444","2018-02-19T18:36:20.0000000Z"
"BenchmarkDotNet","0.10.12.445","2018-02-19T18:50:21.0000000Z"
"BenchmarkDotNet","0.10.12.446","2018-02-22T15:28:44.0000000Z"
"BenchmarkDotNet","0.10.12.447","2018-02-22T18:48:08.0000000Z"
"BenchmarkDotNet","0.10.12.448","2018-02-22T22:46:14.0000000Z"
"BenchmarkDotNet","0.10.12.449","2018-02-23T00:12:16.0000000Z"
"BenchmarkDotNet","0.10.12.450","2018-02-24T15:56:41.0000000Z"
"BenchmarkDotNet","0.10.12.451","2018-02-26T07:54:18.0000000Z"
"BenchmarkDotNet","0.10.12.452","2018-02-28T15:04:19.0000000Z"
"BenchmarkDotNet","0.10.12.453","2018-03-02T14:49:04.0000000Z"
"BenchmarkDotNet","0.10.13.454","2018-03-02T14:59:00.0000000Z"
"BenchmarkDotNet","0.10.13.455","2018-03-05T06:05:13.0000000Z"
"BenchmarkDotNet","0.10.13.456","2018-03-06T19:12:42.0000000Z"
"BenchmarkDotNet","0.10.13.457","2018-03-07T01:47:40.0000000Z"
"BenchmarkDotNet","0.10.13.458","2018-03-07T14:49:36.0000000Z"
"BenchmarkDotNet","0.10.13.459","2018-03-12T03:28:47.0000000Z"
"BenchmarkDotNet","0.10.13.460","2018-03-12T03:30:52.0000000Z"
"BenchmarkDotNet","0.10.13.461","2018-03-13T15:06:48.0000000Z"
"BenchmarkDotNet","0.10.13.464","2018-03-13T17:08:39.0000000Z"
"BenchmarkDotNet","0.10.13.463","2018-03-13T17:11:21.0000000Z"
"BenchmarkDotNet","0.10.13.465","2018-03-14T16:01:54.0000000Z"
"BenchmarkDotNet","0.10.13.466","2018-03-15T05:32:30.0000000Z"
"BenchmarkDotNet","0.10.13.467","2018-03-15T07:02:09.0000000Z"
"BenchmarkDotNet","0.10.13.469","2018-03-15T10:44:34.0000000Z"
"BenchmarkDotNet","0.10.13.470","2018-03-15T12:01:53.0000000Z"
"BenchmarkDotNet","0.10.13.471","2018-03-15T15:00:19.0000000Z"
"BenchmarkDotNet","0.10.13.473","2018-03-15T19:25:15.0000000Z"
"BenchmarkDotNet","0.10.13.475","2018-03-19T23:01:07.0000000Z"
"BenchmarkDotNet","0.10.13.476","2018-03-19T23:04:39.0000000Z"
"BenchmarkDotNet","0.10.13.477","2018-03-20T08:02:07.0000000Z"
"BenchmarkDotNet","0.10.13.479","2018-03-22T07:40:25.0000000Z"
"BenchmarkDotNet","0.10.13.480","2018-03-22T07:57:31.0000000Z"
"BenchmarkDotNet","0.10.13.481","2018-03-22T19:47:10.0000000Z"
"BenchmarkDotNet","0.10.13.482","2018-03-22T20:34:04.0000000Z"
"BenchmarkDotNet","0.10.13.483","2018-03-22T20:50:23.0000000Z"
"BenchmarkDotNet","0.10.13.484","2018-03-22T21:04:50.0000000Z"
"BenchmarkDotNet","0.10.13.485","2018-03-23T03:41:21.0000000Z"
"BenchmarkDotNet","0.10.13.486","2018-03-23T15:41:37.0000000Z"
"BenchmarkDotNet","0.10.13.487","2018-03-24T19:07:39.0000000Z"
"BenchmarkDotNet","0.10.13.488","2018-03-26T14:22:14.0000000Z"
"BenchmarkDotNet","0.10.13.490","2018-03-27T23:46:22.0000000Z"
"BenchmarkDotNet","0.10.13.494","2018-03-28T23:23:23.0000000Z"
"BenchmarkDotNet","0.10.13.495","2018-03-29T20:42:59.0000000Z"
"BenchmarkDotNet","0.10.13.496","2018-03-29T23:29:22.0000000Z"
"BenchmarkDotNet","0.10.13.497","2018-03-30T09:22:44.0000000Z"
"BenchmarkDotNet","0.10.13.498","2018-03-30T18:39:38.0000000Z"
"BenchmarkDotNet","0.10.13.499","2018-04-05T18:13:25.0000000Z"
"BenchmarkDotNet","0.10.13.500","2018-04-05T21:33:09.0000000Z"
"BenchmarkDotNet","0.10.13.501","2018-04-05T22:53:15.0000000Z"
"BenchmarkDotNet","0.10.13.502","2018-04-05T23:52:02.0000000Z"
"BenchmarkDotNet","0.10.13.503","2018-04-06T11:24:06.0000000Z"
"BenchmarkDotNet","0.10.13.504","2018-04-06T11:42:18.0000000Z"
"BenchmarkDotNet","0.10.13.505","2018-04-07T10:57:24.0000000Z"
"BenchmarkDotNet","0.10.13.506","2018-04-07T14:00:24.0000000Z"
"BenchmarkDotNet","0.10.13.507","2018-04-07T15:04:01.0000000Z"
"BenchmarkDotNet","0.10.14.508","2018-04-09T10:27:24.0000000Z"
"BenchmarkDotNet","0.10.14.509","2018-04-10T13:12:45.0000000Z"
"BenchmarkDotNet","0.10.14.510","2018-04-10T20:05:19.0000000Z"
"BenchmarkDotNet","0.10.14.511","2018-04-15T18:50:19.0000000Z"
"BenchmarkDotNet","0.10.14.512","2018-04-15T20:09:52.0000000Z"
"BenchmarkDotNet","0.10.14.513","2018-04-15T21:49:07.0000000Z"
"BenchmarkDotNet","0.10.14.514","2018-04-15T22:37:52.0000000Z"
"BenchmarkDotNet","0.10.14.515","2018-04-16T16:54:34.0000000Z"
"BenchmarkDotNet","0.10.14.516","2018-04-17T11:34:01.0000000Z"
"BenchmarkDotNet","0.10.14.517","2018-04-18T18:30:20.0000000Z"
"BenchmarkDotNet","0.10.14.518","2018-04-20T18:19:42.0000000Z"
"BenchmarkDotNet","0.10.14.519","2018-04-21T16:33:25.0000000Z"
"BenchmarkDotNet","0.10.14.520","2018-04-21T18:37:14.0000000Z"
"BenchmarkDotNet","0.10.14.521","2018-04-24T18:26:19.0000000Z"
"BenchmarkDotNet","0.10.14.522","2018-04-24T20:48:50.0000000Z"
"BenchmarkDotNet","0.10.14.523","2018-04-24T22:27:14.0000000Z"
"BenchmarkDotNet","0.10.14.524","2018-04-25T01:22:17.0000000Z"
"BenchmarkDotNet","0.10.14.525","2018-04-28T23:06:43.0000000Z"
"BenchmarkDotNet","0.10.14.526","2018-05-02T13:00:55.0000000Z"
"BenchmarkDotNet","0.10.14.527","2018-05-03T23:56:26.0000000Z"
"BenchmarkDotNet","0.10.14.528","2018-05-04T11:48:51.0000000Z"
"BenchmarkDotNet","0.10.14.529","2018-05-05T09:23:35.0000000Z"
"BenchmarkDotNet","0.10.14.530","2018-05-08T19:07:40.0000000Z"
"BenchmarkDotNet","0.10.14.531","2018-05-08T19:58:34.0000000Z"
"BenchmarkDotNet","0.10.14.532","2018-05-08T21:13:14.0000000Z"
"BenchmarkDotNet","0.10.14.533","2018-05-09T12:05:13.0000000Z"
"BenchmarkDotNet","0.10.14.534","2018-05-09T15:29:47.0000000Z"
"BenchmarkDotNet","0.10.14.535","2018-05-10T17:29:46.0000000Z"
"BenchmarkDotNet","0.10.14.536","2018-05-14T00:52:28.0000000Z"
"BenchmarkDotNet","0.10.14.537","2018-05-14T01:41:57.0000000Z"
"BenchmarkDotNet","0.10.14.538","2018-05-17T14:42:33.0000000Z"
"BenchmarkDotNet","0.10.14.539","2018-05-22T18:49:45.0000000Z"
"BenchmarkDotNet","0.10.14.540","2018-05-22T20:29:57.0000000Z"
"BenchmarkDotNet","0.10.14.541","2018-05-23T08:14:38.0000000Z"
"BenchmarkDotNet","0.10.14.542","2018-05-23T08:40:57.0000000Z"
"BenchmarkDotNet","0.10.14.543","2018-05-23T08:41:13.0000000Z"
"BenchmarkDotNet","0.10.14.544","2018-05-23T09:59:33.0000000Z"
"BenchmarkDotNet","0.10.14.545","2018-05-23T10:34:13.0000000Z"
"BenchmarkDotNet","0.10.14.546","2018-05-23T11:54:14.0000000Z"
"BenchmarkDotNet","0.10.14.547","2018-05-23T20:10:41.0000000Z"
"BenchmarkDotNet","0.10.14.549","2018-05-23T21:22:05.0000000Z"
"BenchmarkDotNet","0.10.14.548","2018-05-23T21:22:10.0000000Z"
"BenchmarkDotNet","0.10.14.550","2018-05-24T17:52:30.0000000Z"
"BenchmarkDotNet","0.10.14.551","2018-05-25T14:24:56.0000000Z"
"BenchmarkDotNet","0.10.14.552","2018-05-27T18:27:40.0000000Z"
"BenchmarkDotNet","0.10.14.553","2018-05-27T19:07:59.0000000Z"
"BenchmarkDotNet","0.10.14.554","2018-05-27T19:52:37.0000000Z"
"BenchmarkDotNet","0.10.14.555","2018-05-27T22:48:53.0000000Z"
"BenchmarkDotNet","0.10.14.556","2018-05-27T23:42:06.0000000Z"
"BenchmarkDotNet","0.10.14.557","2018-05-28T00:06:03.0000000Z"
"BenchmarkDotNet","0.10.14.558","2018-05-28T00:21:46.0000000Z"
"BenchmarkDotNet","0.10.14.560","2018-05-28T07:56:16.0000000Z"
"BenchmarkDotNet","0.10.14.559","2018-05-28T07:56:59.0000000Z"
"BenchmarkDotNet","0.10.14.561","2018-05-28T08:56:23.0000000Z"
"BenchmarkDotNet","0.10.14.562","2018-05-29T15:26:01.0000000Z"
"BenchmarkDotNet","0.10.14.563","2018-05-29T16:14:51.0000000Z"
"BenchmarkDotNet","0.10.14.564","2018-05-29T16:59:09.0000000Z"
"BenchmarkDotNet","0.10.14.566","2018-05-30T14:52:05.0000000Z"
"BenchmarkDotNet","0.10.14.567","2018-05-31T23:32:47.0000000Z"
"BenchmarkDotNet","0.10.14.568","2018-06-01T08:41:59.0000000Z"
"BenchmarkDotNet","0.10.14.569","2018-06-01T09:38:30.0000000Z"
"BenchmarkDotNet","0.10.14.573","2018-06-04T22:17:42.0000000Z"
"BenchmarkDotNet","0.10.14.574","2018-06-04T22:31:27.0000000Z"
"BenchmarkDotNet","0.10.14.575","2018-06-05T07:45:34.0000000Z"
"BenchmarkDotNet","0.10.14.577","2018-06-05T10:27:34.0000000Z"
"BenchmarkDotNet","0.10.14.578","2018-06-05T10:56:05.0000000Z"
"BenchmarkDotNet","0.10.14.579","2018-06-05T11:25:29.0000000Z"
"BenchmarkDotNet","0.10.14.580","2018-06-05T11:52:32.0000000Z"
"BenchmarkDotNet","0.10.14.581","2018-06-05T15:22:56.0000000Z"
"BenchmarkDotNet","0.10.14.583","2018-06-05T16:33:24.0000000Z"
"BenchmarkDotNet","0.10.14.584","2018-06-05T17:20:12.0000000Z"
"BenchmarkDotNet","0.10.14.585","2018-06-05T17:28:42.0000000Z"
"BenchmarkDotNet","0.10.14.586","2018-06-06T09:55:30.0000000Z"
"BenchmarkDotNet","0.10.14.587","2018-06-06T11:28:38.0000000Z"
"BenchmarkDotNet","0.10.14.588","2018-06-06T13:40:59.0000000Z"
"BenchmarkDotNet","0.10.14.589","2018-06-06T18:15:30.0000000Z"
"BenchmarkDotNet","0.10.14.590","2018-06-07T11:35:49.0000000Z"
"BenchmarkDotNet","0.10.14.591","2018-06-07T17:41:03.0000000Z"
"BenchmarkDotNet","0.10.14.592","2018-06-07T17:41:49.0000000Z"
"BenchmarkDotNet","0.10.14.594","2018-06-07T18:54:44.0000000Z"
"BenchmarkDotNet","0.10.14.595","2018-06-08T07:38:25.0000000Z"
"BenchmarkDotNet","0.10.14.596","2018-06-08T13:19:50.0000000Z"
"BenchmarkDotNet","0.10.14.597","2018-06-08T19:08:20.0000000Z"
"BenchmarkDotNet","0.10.14.598","2018-06-09T10:00:32.0000000Z"
"BenchmarkDotNet","0.10.14.599","2018-06-09T21:16:03.0000000Z"
"BenchmarkDotNet","0.10.14.600","2018-06-09T22:00:40.0000000Z"
"BenchmarkDotNet","0.10.14.601","2018-06-10T07:26:16.0000000Z"
"BenchmarkDotNet","0.10.14.602","2018-06-10T07:40:45.0000000Z"
"BenchmarkDotNet","0.10.14.603","2018-06-10T10:24:25.0000000Z"
"BenchmarkDotNet","0.10.14.604","2018-06-11T10:29:20.0000000Z"
"BenchmarkDotNet","0.10.14.605","2018-06-11T12:24:37.0000000Z"
"BenchmarkDotNet","0.10.14.606","2018-06-11T12:29:25.0000000Z"
"BenchmarkDotNet","0.10.14.608","2018-06-12T08:18:09.0000000Z"
"BenchmarkDotNet","0.10.14.609","2018-06-12T08:38:48.0000000Z"
"BenchmarkDotNet","0.10.14.611","2018-06-12T08:57:51.0000000Z"
"BenchmarkDotNet","0.10.14.610","2018-06-12T08:57:58.0000000Z"
"BenchmarkDotNet","0.10.14.612","2018-06-12T09:47:12.0000000Z"
"BenchmarkDotNet","0.10.14.613","2018-06-12T14:13:38.0000000Z"
"BenchmarkDotNet","0.10.14.614","2018-06-12T14:54:01.0000000Z"
"BenchmarkDotNet","0.10.14.615","2018-06-12T18:23:03.0000000Z"
"BenchmarkDotNet","0.10.14.616","2018-06-13T08:09:25.0000000Z"
"BenchmarkDotNet","0.10.14.617","2018-06-13T08:43:26.0000000Z"
"BenchmarkDotNet","0.10.14.618","2018-06-13T09:13:28.0000000Z"
"BenchmarkDotNet","0.10.14.619","2018-06-13T10:55:44.0000000Z"
"BenchmarkDotNet","0.10.14.620","2018-06-13T12:36:19.0000000Z"
"BenchmarkDotNet","0.10.14.621","2018-06-13T13:28:42.0000000Z"
"BenchmarkDotNet","0.10.14.622","2018-06-13T14:42:06.0000000Z"
"BenchmarkDotNet","0.10.14.623","2018-06-13T17:10:10.0000000Z"
"BenchmarkDotNet","0.10.14.624","2018-06-14T07:44:26.0000000Z"
"BenchmarkDotNet","0.10.14.625","2018-06-14T08:08:56.0000000Z"
"BenchmarkDotNet","0.10.14.626","2018-06-14T09:23:33.0000000Z"
"BenchmarkDotNet","0.10.14.627","2018-06-14T10:36:46.0000000Z"
"BenchmarkDotNet","0.10.14.628","2018-06-14T11:13:23.0000000Z"
"BenchmarkDotNet","0.10.14.629","2018-06-14T11:24:53.0000000Z"
"BenchmarkDotNet","0.10.14.630","2018-06-14T17:42:24.0000000Z"
"BenchmarkDotNet","0.10.14.631","2018-06-15T13:14:57.0000000Z"
"BenchmarkDotNet","0.10.14.632","2018-06-15T21:54:05.0000000Z"
"BenchmarkDotNet","0.10.14.633","2018-06-15T22:51:58.0000000Z"
"BenchmarkDotNet","0.10.14.634","2018-06-15T23:16:20.0000000Z"
"BenchmarkDotNet","0.10.14.635","2018-06-15T23:28:44.0000000Z"
"BenchmarkDotNet","0.10.14.636","2018-06-15T23:35:53.0000000Z"
"BenchmarkDotNet","0.10.14.637","2018-06-16T00:05:26.0000000Z"
"BenchmarkDotNet","0.10.14.638","2018-06-16T00:11:58.0000000Z"
"BenchmarkDotNet","0.10.14.639","2018-06-16T21:18:40.0000000Z"
"BenchmarkDotNet","0.10.14.640","2018-06-17T19:24:23.0000000Z"
"BenchmarkDotNet","0.10.14.641","2018-06-17T19:33:13.0000000Z"
"BenchmarkDotNet","0.10.14.642","2018-06-17T19:42:40.0000000Z"
"BenchmarkDotNet","0.10.14.643","2018-06-17T19:52:20.0000000Z"
"BenchmarkDotNet","0.10.14.644","2018-06-17T23:13:20.0000000Z"
"BenchmarkDotNet","0.10.14.647","2018-06-18T15:33:18.0000000Z"
"BenchmarkDotNet","0.10.14.648","2018-06-18T16:32:34.0000000Z"
"BenchmarkDotNet","0.10.14.649","2018-06-18T17:14:31.0000000Z"
"BenchmarkDotNet","0.10.14.650","2018-06-18T18:11:21.0000000Z"
"BenchmarkDotNet","0.10.14.651","2018-06-18T18:18:02.0000000Z"
"BenchmarkDotNet","0.10.14.652","2018-06-18T18:31:59.0000000Z"
"BenchmarkDotNet","0.10.14.653","2018-06-18T18:38:24.0000000Z"
"BenchmarkDotNet","0.10.14.654","2018-06-19T10:30:33.0000000Z"
"BenchmarkDotNet","0.10.14.655","2018-06-19T13:28:33.0000000Z"
"BenchmarkDotNet","0.10.14.656","2018-06-19T17:26:55.0000000Z"
"BenchmarkDotNet","0.10.14.657","2018-06-20T00:39:51.0000000Z"
"BenchmarkDotNet","0.10.14.659","2018-06-20T15:55:14.0000000Z"
"BenchmarkDotNet","0.10.14.660","2018-06-21T16:02:01.0000000Z"
"BenchmarkDotNet","0.10.14.661","2018-06-28T16:55:28.0000000Z"
"BenchmarkDotNet","0.10.14.662","2018-06-28T22:18:23.0000000Z"
"BenchmarkDotNet","0.10.14.663","2018-07-01T10:47:27.0000000Z"
"BenchmarkDotNet","0.10.14.664","2018-07-01T11:32:51.0000000Z"
"BenchmarkDotNet","0.10.14.665","2018-07-02T11:25:43.0000000Z"
"BenchmarkDotNet","0.10.14.666","2018-07-02T13:52:29.0000000Z"
"BenchmarkDotNet","0.10.14.667","2018-07-02T14:21:20.0000000Z"
"BenchmarkDotNet","0.10.14.668","2018-07-03T12:51:31.0000000Z"
"BenchmarkDotNet","0.10.14.669","2018-07-03T19:37:26.0000000Z"
"BenchmarkDotNet","0.10.14.670","2018-07-04T11:14:15.0000000Z"
"BenchmarkDotNet","0.10.14.671","2018-07-04T11:55:45.0000000Z"
"BenchmarkDotNet","0.10.14.672","2018-07-04T12:32:39.0000000Z"
"BenchmarkDotNet","0.10.14.673","2018-07-04T13:59:46.0000000Z"
"BenchmarkDotNet","0.10.14.674","2018-07-06T10:46:53.0000000Z"
"BenchmarkDotNet","0.10.14.675","2018-07-09T12:17:18.0000000Z"
"BenchmarkDotNet","0.10.14.677","2018-07-10T12:13:06.0000000Z"
"BenchmarkDotNet","0.10.14.678","2018-07-10T14:40:48.0000000Z"
"BenchmarkDotNet","0.10.14.679","2018-07-11T11:11:07.0000000Z"
"BenchmarkDotNet","0.10.14.680","2018-07-11T11:44:02.0000000Z"
"BenchmarkDotNet","0.10.14.681","2018-07-12T08:01:23.0000000Z"
"BenchmarkDotNet","0.10.14.682","2018-07-12T08:26:32.0000000Z"
"BenchmarkDotNet","0.10.14.683","2018-07-12T10:13:14.0000000Z"
"BenchmarkDotNet","0.10.14.684","2018-07-14T12:52:22.0000000Z"
"BenchmarkDotNet","0.10.14.685","2018-07-15T18:27:12.0000000Z"
"BenchmarkDotNet","0.10.14.686","2018-07-16T12:32:07.0000000Z"
"BenchmarkDotNet","0.10.14.687","2018-07-17T13:20:52.0000000Z"
"BenchmarkDotNet","0.10.14.688","2018-07-17T14:14:29.0000000Z"
"BenchmarkDotNet","0.10.14.689","2018-07-18T16:01:25.0000000Z"
"BenchmarkDotNet","0.10.14.690","2018-07-18T17:19:31.0000000Z"
"BenchmarkDotNet","0.10.14.691","2018-07-19T08:19:30.0000000Z"
"BenchmarkDotNet","0.10.14.692","2018-07-23T10:07:23.0000000Z"
"BenchmarkDotNet","0.10.14.693","2018-07-23T11:32:51.0000000Z"
"BenchmarkDotNet","0.10.14.694","2018-07-23T11:44:24.0000000Z"
"BenchmarkDotNet","0.10.14.695","2018-07-23T13:00:33.0000000Z"
"BenchmarkDotNet","0.10.14.696","2018-07-23T14:24:02.0000000Z"
"BenchmarkDotNet","0.10.14.697","2018-07-23T14:50:26.0000000Z"
"BenchmarkDotNet","0.10.14.698","2018-07-23T16:51:49.0000000Z"
"BenchmarkDotNet","0.10.14.699","2018-07-23T17:00:16.0000000Z"
"BenchmarkDotNet","0.10.14.700","2018-07-23T17:16:07.0000000Z"
"BenchmarkDotNet","0.10.14.701","2018-07-23T17:23:36.0000000Z"
"BenchmarkDotNet","0.11.0.702","2018-07-23T17:54:57.0000000Z"
"BenchmarkDotNet","0.11.0.703","2018-07-23T18:02:29.0000000Z"
"BenchmarkDotNet","0.11.0.705","2018-07-24T08:53:52.0000000Z"
"BenchmarkDotNet","0.11.0.706","2018-07-24T08:54:03.0000000Z"
"BenchmarkDotNet","0.11.0.707","2018-07-24T11:06:47.0000000Z"
"BenchmarkDotNet","0.11.0.708","2018-07-25T15:50:27.0000000Z"
"BenchmarkDotNet","0.11.0.709","2018-07-28T10:45:30.0000000Z"
"BenchmarkDotNet","0.11.0.711","2018-07-28T19:18:51.0000000Z"
"BenchmarkDotNet","0.11.0.712","2018-07-29T04:43:57.0000000Z"
"BenchmarkDotNet","0.11.0.713","2018-07-29T05:44:30.0000000Z"
"BenchmarkDotNet","0.11.0.714","2018-07-29T06:00:09.0000000Z"
"BenchmarkDotNet","0.11.0.715","2018-07-29T06:07:10.0000000Z"
"BenchmarkDotNet","0.11.0.716","2018-07-29T06:26:24.0000000Z"
"BenchmarkDotNet","0.11.0.717","2018-07-29T06:30:57.0000000Z"
"BenchmarkDotNet","0.11.0.718","2018-07-29T07:04:21.0000000Z"
"BenchmarkDotNet","0.11.0.719","2018-07-29T08:04:10.0000000Z"
"BenchmarkDotNet","0.11.0.721","2018-08-10T22:31:11.0000000Z"
"BenchmarkDotNet","0.11.0.722","2018-08-10T23:02:46.0000000Z"
"BenchmarkDotNet","0.11.0.723","2018-08-11T08:00:16.0000000Z"
"BenchmarkDotNet","0.11.0.724","2018-08-15T14:53:58.0000000Z"
"BenchmarkDotNet","0.11.0.725","2018-08-16T10:45:08.0000000Z"
"BenchmarkDotNet","0.11.0.726","2018-08-17T10:37:32.0000000Z"
"BenchmarkDotNet","0.11.0.727","2018-08-21T21:41:23.0000000Z"
"BenchmarkDotNet","0.11.0.728","2018-08-22T07:25:32.0000000Z"
"BenchmarkDotNet","0.11.0.729","2018-08-22T12:46:44.0000000Z"
"BenchmarkDotNet","0.11.1.730","2018-08-22T15:17:10.0000000Z"
"BenchmarkDotNet","0.11.1.731","2018-08-22T15:27:29.0000000Z"
"BenchmarkDotNet","0.11.1.732","2018-08-22T15:43:04.0000000Z"
"BenchmarkDotNet","0.11.1.733","2018-08-22T16:12:19.0000000Z"
"BenchmarkDotNet","0.11.1.734","2018-08-22T19:48:30.0000000Z"
"BenchmarkDotNet","0.11.1.735","2018-08-26T20:41:01.0000000Z"
"BenchmarkDotNet","0.11.1.736","2018-08-27T20:06:11.0000000Z"
"BenchmarkDotNet","0.11.1.737","2018-08-27T20:45:54.0000000Z"
"BenchmarkDotNet","0.11.1.738","2018-09-01T13:13:03.0000000Z"
"BenchmarkDotNet","0.11.1.739","2018-09-10T18:32:28.0000000Z"
"BenchmarkDotNet","0.11.1.742","2018-09-17T19:37:33.0000000Z"
"BenchmarkDotNet","0.11.1.743","2018-09-17T21:27:41.0000000Z"
"BenchmarkDotNet","0.11.1.745","2018-09-17T22:18:01.0000000Z"
"BenchmarkDotNet","0.11.1.746","2018-09-17T22:45:03.0000000Z"
"BenchmarkDotNet","0.11.1.747","2018-09-20T21:38:00.0000000Z"
"BenchmarkDotNet","0.11.1.748","2018-09-20T22:01:45.0000000Z"
"BenchmarkDotNet","0.11.1.749","2018-09-21T11:34:18.0000000Z"
"BenchmarkDotNet","0.11.1.750","2018-09-21T12:40:33.0000000Z"
"BenchmarkDotNet","0.11.1.751","2018-09-21T13:23:41.0000000Z"
"BenchmarkDotNet","0.11.1.752","2018-09-24T14:04:42.0000000Z"
"BenchmarkDotNet","0.11.1.753","2018-09-25T08:00:46.0000000Z"
"BenchmarkDotNet","0.11.1.754","2018-09-25T15:26:59.0000000Z"
"BenchmarkDotNet","0.11.1.755","2018-09-25T16:58:05.0000000Z"
"BenchmarkDotNet","0.11.1.757","2018-09-28T18:06:24.0000000Z"
"BenchmarkDotNet","0.11.1.758","2018-09-28T19:18:05.0000000Z"
"BenchmarkDotNet","0.11.1.759","2018-10-01T12:02:50.0000000Z"
"BenchmarkDotNet","0.11.1.760","2018-10-01T15:33:59.0000000Z"
"BenchmarkDotNet","0.11.1.762","2018-10-01T23:19:48.0000000Z"
"BenchmarkDotNet","0.11.1.763","2018-10-02T09:13:01.0000000Z"
"BenchmarkDotNet","0.11.1.764","2018-10-02T12:25:25.0000000Z"
"BenchmarkDotNet","0.11.1.765","2018-10-02T12:53:26.0000000Z"
"BenchmarkDotNet","0.11.1.766","2018-10-02T13:00:46.0000000Z"
"BenchmarkDotNet","0.11.1.767","2018-10-02T14:14:47.0000000Z"
"BenchmarkDotNet","0.11.1.770","2018-10-02T15:12:41.0000000Z"
"BenchmarkDotNet","0.11.1.771","2018-10-02T20:15:11.0000000Z"
"BenchmarkDotNet","0.11.1.772","2018-10-03T16:37:54.0000000Z"
"BenchmarkDotNet","0.11.1.774","2018-10-03T20:24:53.0000000Z"
"BenchmarkDotNet","0.11.1.775","2018-10-03T20:36:56.0000000Z"
"BenchmarkDotNet","0.11.1.776","2018-10-04T09:17:31.0000000Z"
"BenchmarkDotNet","0.11.1.777","2018-10-08T14:26:03.0000000Z"
"BenchmarkDotNet","0.11.1.778","2018-10-08T15:53:57.0000000Z"
"BenchmarkDotNet","0.11.1.779","2018-10-08T19:36:50.0000000Z"
"BenchmarkDotNet","0.11.1.780","2018-10-08T19:53:21.0000000Z"
"BenchmarkDotNet","0.11.1.781","2018-10-08T21:32:13.0000000Z"
"BenchmarkDotNet","0.11.1.782","2018-10-08T21:43:49.0000000Z"
"BenchmarkDotNet","0.11.1.783","2018-10-08T22:20:06.0000000Z"
"BenchmarkDotNet","0.11.1.784","2018-10-08T23:21:19.0000000Z"
"BenchmarkDotNet","0.11.1.785","2018-10-08T23:46:35.0000000Z"
"BenchmarkDotNet","0.11.1.786","2018-10-09T00:37:14.0000000Z"
"BenchmarkDotNet","0.11.1.787","2018-10-09T09:31:11.0000000Z"
"BenchmarkDotNet","0.11.1.788","2018-10-09T09:37:28.0000000Z"
"BenchmarkDotNet","0.11.1.789","2018-10-09T11:54:38.0000000Z"
"BenchmarkDotNet","0.11.1.790","2018-10-12T16:21:14.0000000Z"
"BenchmarkDotNet","0.11.1.791","2018-10-13T18:05:09.0000000Z"
"BenchmarkDotNet","0.11.1.792","2018-10-13T19:40:20.0000000Z"
"BenchmarkDotNet","0.11.1.793","2018-10-14T11:05:59.0000000Z"
"BenchmarkDotNet","0.11.1.794","2018-10-14T16:25:51.0000000Z"
"BenchmarkDotNet","0.11.1.795","2018-10-15T06:59:40.0000000Z"
"BenchmarkDotNet","0.11.1.798","2018-10-15T09:32:07.0000000Z"
"BenchmarkDotNet","0.11.1.799","2018-10-16T15:39:44.0000000Z"
"BenchmarkDotNet","0.11.1.800","2018-10-17T09:05:11.0000000Z"
"BenchmarkDotNet","0.11.1.801","2018-10-17T10:13:30.0000000Z"
"BenchmarkDotNet","0.11.1.803","2018-10-17T14:08:37.0000000Z"
"BenchmarkDotNet","0.11.1.805","2018-10-17T20:26:49.0000000Z"
"BenchmarkDotNet","0.11.1.806","2018-10-18T09:47:48.0000000Z"
"BenchmarkDotNet","0.11.1.807","2018-10-20T14:36:45.0000000Z"
"BenchmarkDotNet","0.11.1.808","2018-10-20T15:59:01.0000000Z"
"BenchmarkDotNet","0.11.1.809","2018-10-20T19:15:08.0000000Z"
"BenchmarkDotNet","0.11.1.810","2018-10-21T19:04:25.0000000Z"
"BenchmarkDotNet","0.11.1.812","2018-10-23T09:05:36.0000000Z"
"BenchmarkDotNet","0.11.1.813","2018-10-23T10:29:14.0000000Z"
"BenchmarkDotNet","0.11.1.814","2018-10-24T09:11:51.0000000Z"
"BenchmarkDotNet","0.11.1.815","2018-10-24T09:43:42.0000000Z"
"BenchmarkDotNet","0.11.1.816","2018-10-24T16:02:42.0000000Z"
"BenchmarkDotNet","0.11.1.817","2018-10-24T17:21:23.0000000Z"
"BenchmarkDotNet","0.11.1.818","2018-10-25T07:44:16.0000000Z"
"BenchmarkDotNet","0.11.1.819","2018-10-25T07:47:14.0000000Z"
"BenchmarkDotNet","0.11.1.821","2018-10-25T23:45:02.0000000Z"
"BenchmarkDotNet","0.11.1.822","2018-10-27T12:59:48.0000000Z"
"BenchmarkDotNet","0.11.1.823","2018-10-29T12:29:56.0000000Z"
"BenchmarkDotNet","0.11.1.826","2018-10-31T10:13:11.0000000Z"
"BenchmarkDotNet","0.11.1.827","2018-10-31T12:20:32.0000000Z"
"BenchmarkDotNet","0.11.1.829","2018-10-31T15:09:30.0000000Z"
"BenchmarkDotNet","0.11.1.831","2018-10-31T17:10:16.0000000Z"
"BenchmarkDotNet","0.11.1.832","2018-10-31T19:56:45.0000000Z"
"BenchmarkDotNet","0.11.1.833","2018-10-31T20:25:43.0000000Z"
"BenchmarkDotNet","0.11.2.835","2018-11-01T09:54:55.0000000Z"
"BenchmarkDotNet","0.11.2.837","2018-11-01T14:17:40.0000000Z"
"BenchmarkDotNet","0.11.2.838","2018-11-01T17:37:11.0000000Z"
"BenchmarkDotNet","0.11.2.839","2018-11-01T17:42:15.0000000Z"
"BenchmarkDotNet","0.11.2.842","2018-11-01T19:16:44.0000000Z"
"BenchmarkDotNet","0.11.2.844","2018-11-02T15:02:26.0000000Z"
"BenchmarkDotNet","0.11.2.845","2018-11-02T21:31:39.0000000Z"
"BenchmarkDotNet","0.11.2.846","2018-11-03T07:15:38.0000000Z"
"BenchmarkDotNet","0.11.2.847","2018-11-06T18:21:26.0000000Z"
"BenchmarkDotNet","0.11.2.848","2018-11-07T13:54:31.0000000Z"
"BenchmarkDotNet","0.11.2.849","2018-11-09T13:50:15.0000000Z"
"BenchmarkDotNet","0.11.2.851","2018-11-14T09:10:42.0000000Z"
"BenchmarkDotNet","0.11.2.852","2018-11-14T15:12:55.0000000Z"
"BenchmarkDotNet","0.11.2.853","2018-11-15T01:04:14.0000000Z"
"BenchmarkDotNet","0.11.2.854","2018-11-15T14:21:22.0000000Z"
"BenchmarkDotNet","0.11.2.855","2018-11-15T14:58:29.0000000Z"
"BenchmarkDotNet","0.11.2.856","2018-11-15T21:31:45.0000000Z"
"BenchmarkDotNet","0.11.2.857","2018-11-16T09:35:06.0000000Z"
"BenchmarkDotNet","0.11.2.858","2018-11-16T10:26:32.0000000Z"
"BenchmarkDotNet","0.11.2.859","2018-11-16T11:29:03.0000000Z"
"BenchmarkDotNet","0.11.2.860","2018-11-16T12:37:00.0000000Z"
"BenchmarkDotNet","0.11.2.861","2018-11-16T16:37:18.0000000Z"
"BenchmarkDotNet","0.11.2.862","2018-11-16T17:20:31.0000000Z"
"BenchmarkDotNet","0.11.2.864","2018-11-16T18:23:38.0000000Z"
"BenchmarkDotNet","0.11.2.863","2018-11-16T18:24:50.0000000Z"
"BenchmarkDotNet","0.11.2.865","2018-11-18T17:20:29.0000000Z"
"BenchmarkDotNet","0.11.2.866","2018-11-18T19:33:47.0000000Z"
"BenchmarkDotNet","0.11.2.871","2018-11-19T15:01:58.0000000Z"
"BenchmarkDotNet","0.11.3.872","2018-11-20T10:42:44.0000000Z"
"BenchmarkDotNet","0.11.3.873","2018-11-20T10:55:57.0000000Z"
"BenchmarkDotNet","0.11.3.874","2018-11-21T22:22:30.0000000Z"
"BenchmarkDotNet","0.11.3.875","2018-11-21T23:23:21.0000000Z"
"BenchmarkDotNet","0.11.3.876","2018-11-27T17:40:33.0000000Z"
"BenchmarkDotNet","0.11.3.877","2018-11-28T11:29:08.0000000Z"
"BenchmarkDotNet","0.11.3.878","2018-11-28T18:24:15.0000000Z"
"BenchmarkDotNet","0.11.3.879","2018-11-28T18:38:32.0000000Z"
"BenchmarkDotNet","0.11.3.880","2018-11-29T13:42:22.0000000Z"
"BenchmarkDotNet","0.11.3.881","2018-11-29T14:32:19.0000000Z"
"BenchmarkDotNet","0.11.3.882","2018-11-29T16:01:29.0000000Z"
"BenchmarkDotNet","0.11.3.883","2018-11-29T18:52:29.0000000Z"
"BenchmarkDotNet","0.11.3.884","2018-11-29T19:21:15.0000000Z"
"BenchmarkDotNet","0.11.3.886","2018-11-29T19:47:31.0000000Z"
"BenchmarkDotNet","0.11.3.887","2018-12-01T18:24:30.0000000Z"
"BenchmarkDotNet","0.11.3.888","2018-12-03T09:28:36.0000000Z"
"BenchmarkDotNet","0.11.3.889","2018-12-03T10:16:23.0000000Z"
"BenchmarkDotNet","0.11.3.890","2018-12-03T16:57:03.0000000Z"
"BenchmarkDotNet","0.11.3.891","2018-12-03T18:25:55.0000000Z"
"BenchmarkDotNet","0.11.3.892","2018-12-03T18:29:30.0000000Z"
"BenchmarkDotNet","0.11.3.893","2018-12-03T19:11:59.0000000Z"
"BenchmarkDotNet","0.11.3.894","2018-12-08T10:26:48.0000000Z"
"BenchmarkDotNet","0.11.3.895","2018-12-08T12:24:01.0000000Z"
"BenchmarkDotNet","0.11.3.896","2018-12-08T12:46:19.0000000Z"
"BenchmarkDotNet","0.11.3.897","2018-12-16T09:21:48.0000000Z"
"BenchmarkDotNet","0.11.3.898","2018-12-16T14:00:49.0000000Z"
"BenchmarkDotNet","0.11.3.899","2018-12-22T07:56:24.0000000Z"
"BenchmarkDotNet","0.11.3.900","2018-12-22T09:48:34.0000000Z"
"BenchmarkDotNet","0.11.3.901","2019-01-03T00:01:55.0000000Z"
"BenchmarkDotNet","0.11.3.902","2019-01-03T00:10:05.0000000Z"
"BenchmarkDotNet","0.11.3.903","2019-01-05T22:32:33.0000000Z"
"BenchmarkDotNet","0.11.3.904","2019-01-06T21:51:19.0000000Z"
"BenchmarkDotNet","0.11.3.905","2019-01-06T22:21:29.0000000Z"
"BenchmarkDotNet","0.11.3.906","2019-01-06T22:25:26.0000000Z"
"BenchmarkDotNet","0.11.3.907","2019-01-06T22:52:59.0000000Z"
"BenchmarkDotNet","0.11.3.908","2019-01-06T23:26:38.0000000Z"
"BenchmarkDotNet","0.11.3.909","2019-01-06T23:49:41.0000000Z"
"BenchmarkDotNet","0.11.3.910","2019-01-07T00:27:21.0000000Z"
"BenchmarkDotNet","0.11.3.911","2019-01-09T13:37:37.0000000Z"
"BenchmarkDotNet","0.11.3.912","2019-01-09T15:09:57.0000000Z"
"BenchmarkDotNet","0.11.3.913","2019-01-09T15:15:24.0000000Z"
"BenchmarkDotNet","0.11.3.914","2019-01-09T15:48:02.0000000Z"
"BenchmarkDotNet","0.11.3.915","2019-01-09T16:32:06.0000000Z"
"BenchmarkDotNet","0.11.3.916","2019-01-09T16:56:14.0000000Z"
"BenchmarkDotNet","0.11.3.917","2019-01-09T17:15:48.0000000Z"
"BenchmarkDotNet","0.11.3.919","2019-01-10T22:57:25.0000000Z"
"BenchmarkDotNet","0.11.3.921","2019-01-11T15:11:20.0000000Z"
"BenchmarkDotNet","0.11.3.920","2019-01-11T15:14:26.0000000Z"
"BenchmarkDotNet","0.11.3.923","2019-01-12T17:54:50.0000000Z"
"BenchmarkDotNet","0.11.3.922","2019-01-12T17:59:57.0000000Z"
"BenchmarkDotNet","0.11.3.924","2019-01-13T11:09:43.0000000Z"
"BenchmarkDotNet","0.11.3.925","2019-01-13T11:12:16.0000000Z"
"BenchmarkDotNet","0.11.3.927","2019-01-13T12:16:29.0000000Z"
"BenchmarkDotNet","0.11.3.929","2019-01-13T14:33:44.0000000Z"
"BenchmarkDotNet","0.11.3.930","2019-01-13T15:28:48.0000000Z"
"BenchmarkDotNet","0.11.3.931","2019-01-16T01:24:52.0000000Z"
"BenchmarkDotNet","0.11.3.932","2019-01-17T08:58:16.0000000Z"
"BenchmarkDotNet","0.11.3.933","2019-01-17T19:04:14.0000000Z"
"BenchmarkDotNet","0.11.3.934","2019-01-20T18:47:17.0000000Z"
"BenchmarkDotNet","0.11.3.935","2019-01-21T17:44:01.0000000Z"
"BenchmarkDotNet","0.11.3.936","2019-01-22T18:30:20.0000000Z"
"BenchmarkDotNet","0.11.3.937","2019-01-29T21:18:33.0000000Z"
"BenchmarkDotNet","0.11.3.938","2019-01-30T04:02:28.0000000Z"
"BenchmarkDotNet","0.11.3.941","2019-01-30T10:12:12.0000000Z"
"BenchmarkDotNet","0.11.3.942","2019-01-30T11:53:32.0000000Z"
"BenchmarkDotNet","0.11.3.943","2019-01-30T12:58:46.0000000Z"
"BenchmarkDotNet","0.11.3.944","2019-01-30T15:07:04.0000000Z"
"BenchmarkDotNet","0.11.3.946","2019-01-31T08:59:42.0000000Z"
"BenchmarkDotNet","0.11.3.949","2019-01-31T13:39:15.0000000Z"
"BenchmarkDotNet","0.11.3.950","2019-02-01T04:24:06.0000000Z"
"BenchmarkDotNet","0.11.3.951","2019-02-01T04:58:33.0000000Z"
"BenchmarkDotNet","0.11.3.952","2019-02-01T05:14:34.0000000Z"
"BenchmarkDotNet","0.11.3.953","2019-02-01T06:09:03.0000000Z"
"BenchmarkDotNet","0.11.3.954","2019-02-01T06:19:51.0000000Z"
"BenchmarkDotNet","0.11.3.955","2019-02-01T07:02:09.0000000Z"
"BenchmarkDotNet","0.11.3.957","2019-02-01T09:23:42.0000000Z"
"BenchmarkDotNet","0.11.3.958","2019-02-01T11:33:20.0000000Z"
"BenchmarkDotNet","0.11.3.960","2019-02-01T14:00:52.0000000Z"
"BenchmarkDotNet","0.11.3.961","2019-02-01T18:50:31.0000000Z"
"BenchmarkDotNet","0.11.3.962","2019-02-02T03:46:33.0000000Z"
"BenchmarkDotNet","0.11.3.964","2019-02-02T18:25:12.0000000Z"
"BenchmarkDotNet","0.11.3.965","2019-02-03T12:16:02.0000000Z"
"BenchmarkDotNet","0.11.3.966","2019-02-03T18:13:17.0000000Z"
"BenchmarkDotNet","0.11.3.967","2019-02-03T19:40:14.0000000Z"
"BenchmarkDotNet","0.11.3.968","2019-02-04T07:24:42.0000000Z"
"BenchmarkDotNet","0.11.3.969","2019-02-04T07:37:45.0000000Z"
"BenchmarkDotNet","0.11.3.970","2019-02-04T12:50:16.0000000Z"
"BenchmarkDotNet","0.11.3.971","2019-02-04T13:43:19.0000000Z"
"BenchmarkDotNet","0.11.3.972","2019-02-05T12:00:26.0000000Z"
"BenchmarkDotNet","0.11.3.973","2019-02-05T15:23:50.0000000Z"
"BenchmarkDotNet","0.11.3.974","2019-02-05T17:03:23.0000000Z"
"BenchmarkDotNet","0.11.3.975","2019-02-05T17:50:20.0000000Z"
"BenchmarkDotNet","0.11.3.976","2019-02-05T18:24:54.0000000Z"
"BenchmarkDotNet","0.11.3.977","2019-02-06T05:13:22.0000000Z"
"BenchmarkDotNet","0.11.3.978","2019-02-06T05:14:30.0000000Z"
"BenchmarkDotNet","0.11.3.979","2019-02-06T08:31:51.0000000Z"
"BenchmarkDotNet","0.11.3.981","2019-02-06T15:05:30.0000000Z"
"BenchmarkDotNet","0.11.3.982","2019-02-06T18:03:56.0000000Z"
"BenchmarkDotNet","0.11.3.983","2019-02-07T06:10:24.0000000Z"
"BenchmarkDotNet","0.11.3.984","2019-02-07T06:22:34.0000000Z"
"BenchmarkDotNet","0.11.3.985","2019-02-07T08:33:51.0000000Z"
"BenchmarkDotNet","0.11.3.986","2019-02-07T10:40:27.0000000Z"
"BenchmarkDotNet","0.11.3.987","2019-02-07T11:16:08.0000000Z"
"BenchmarkDotNet","0.11.3.988","2019-02-08T06:46:55.0000000Z"
"BenchmarkDotNet","0.11.3.992","2019-02-08T15:24:38.0000000Z"
"BenchmarkDotNet","0.11.3.993","2019-02-08T16:03:54.0000000Z"
"BenchmarkDotNet","0.11.3.994","2019-02-08T16:51:34.0000000Z"
"BenchmarkDotNet","0.11.3.995","2019-02-08T17:05:22.0000000Z"
"BenchmarkDotNet","0.11.3.996","2019-02-08T18:41:41.0000000Z"
"BenchmarkDotNet","0.11.3.998","2019-02-09T17:17:31.0000000Z"
"BenchmarkDotNet","0.11.3.999","2019-02-10T07:35:26.0000000Z"
"BenchmarkDotNet","0.11.3.1000","2019-02-11T13:16:27.0000000Z"
"BenchmarkDotNet","0.11.3.1001","2019-02-11T14:37:13.0000000Z"
"BenchmarkDotNet","0.11.3.1002","2019-02-12T06:04:30.0000000Z"
"BenchmarkDotNet","0.11.3.1003","2019-02-13T15:09:39.0000000Z"
"BenchmarkDotNet","0.11.3.1004","2019-02-14T06:50:15.0000000Z"
"BenchmarkDotNet","0.11.3.1005","2019-02-14T08:33:42.0000000Z"
"BenchmarkDotNet","0.11.3.1007","2019-02-14T09:52:05.0000000Z"
"BenchmarkDotNet","0.11.3.1008","2019-02-14T11:34:34.0000000Z"
"BenchmarkDotNet","0.11.3.1009","2019-02-14T13:57:12.0000000Z"
"BenchmarkDotNet","0.11.3.1010","2019-02-15T09:12:03.0000000Z"
"BenchmarkDotNet","0.11.4.1011","2019-02-15T13:31:37.0000000Z"
"BenchmarkDotNet","0.11.4.1012","2019-02-15T13:43:30.0000000Z"
"BenchmarkDotNet","0.11.4.1013","2019-02-16T16:39:42.0000000Z"
"BenchmarkDotNet","0.11.4.1014","2019-02-16T17:49:33.0000000Z"
"BenchmarkDotNet","0.11.4.1015","2019-02-18T13:15:21.0000000Z"
"BenchmarkDotNet","0.11.4.1019","2019-02-23T11:45:47.0000000Z"
"BenchmarkDotNet","0.11.4.1020","2019-02-23T12:40:28.0000000Z"
"BenchmarkDotNet","0.11.4.1021","2019-02-23T14:25:58.0000000Z"
"BenchmarkDotNet","0.11.4.1022","2019-02-23T15:38:25.0000000Z"
"BenchmarkDotNet","0.11.4.1023","2019-02-23T15:56:15.0000000Z"
"BenchmarkDotNet","0.11.4.1024","2019-02-23T17:19:48.0000000Z"
"BenchmarkDotNet","0.11.4.1025","2019-02-23T17:33:24.0000000Z"
"BenchmarkDotNet","0.11.4.1026","2019-02-23T18:39:14.0000000Z"
"BenchmarkDotNet","0.11.4.1027","2019-02-23T18:40:44.0000000Z"
"BenchmarkDotNet","0.11.4.1029","2019-02-24T07:44:49.0000000Z"
"BenchmarkDotNet","0.11.4.1030","2019-02-24T11:41:20.0000000Z"
"BenchmarkDotNet","0.11.4.1032","2019-02-24T20:21:36.0000000Z"
"BenchmarkDotNet","0.11.4.1033","2019-02-24T20:48:33.0000000Z"
"BenchmarkDotNet","0.11.4.1034","2019-02-25T08:27:12.0000000Z"
"BenchmarkDotNet","0.11.4.1035","2019-02-25T08:35:11.0000000Z"
"BenchmarkDotNet","0.11.4.1036","2019-03-02T07:55:39.0000000Z"
"BenchmarkDotNet","0.11.4.1037","2019-03-04T08:01:26.0000000Z"
"BenchmarkDotNet","0.11.4.1038","2019-03-06T21:43:34.0000000Z"
"BenchmarkDotNet","0.11.4.1039","2019-03-07T08:20:17.0000000Z"
"BenchmarkDotNet","0.11.4.1040","2019-03-10T11:52:03.0000000Z"
"BenchmarkDotNet","0.11.4.1041","2019-03-10T12:37:10.0000000Z"
"BenchmarkDotNet","0.11.4.1042","2019-03-10T13:42:56.0000000Z"
"BenchmarkDotNet","0.11.4.1043","2019-03-10T13:46:04.0000000Z"
"BenchmarkDotNet","0.11.4.1044","2019-03-18T09:12:30.0000000Z"
"BenchmarkDotNet","0.11.4.1045","2019-03-18T09:45:52.0000000Z"
"BenchmarkDotNet","0.11.4.1046","2019-03-19T14:19:51.0000000Z"
"BenchmarkDotNet","0.11.4.1048","2019-03-21T09:33:11.0000000Z"
"BenchmarkDotNet","0.11.4.1049","2019-03-22T22:30:48.0000000Z"
"BenchmarkDotNet","0.11.4.1051","2019-03-25T10:49:29.0000000Z"
"BenchmarkDotNet","0.11.4.1052","2019-03-25T13:10:31.0000000Z"
"BenchmarkDotNet","0.11.4.1053","2019-03-25T14:57:13.0000000Z"
"BenchmarkDotNet","0.11.4.1057","2019-03-29T10:42:26.0000000Z"
"BenchmarkDotNet","0.11.4.1058","2019-03-31T10:47:55.0000000Z"
"BenchmarkDotNet","0.11.4.1060","2019-04-01T18:06:56.0000000Z"
"BenchmarkDotNet","0.11.4.1059","2019-04-01T18:07:17.0000000Z"
"BenchmarkDotNet","0.11.4.1061","2019-04-01T20:29:53.0000000Z"
"BenchmarkDotNet","0.11.4.1062","2019-04-02T16:38:58.0000000Z"
"BenchmarkDotNet","0.11.5.1063","2019-04-02T18:12:16.0000000Z"
"BenchmarkDotNet","0.11.5.1064","2019-04-02T18:37:25.0000000Z"
"BenchmarkDotNet","0.11.5.1065","2019-04-02T19:39:45.0000000Z"
"BenchmarkDotNet","0.11.5.1066","2019-04-07T13:27:27.0000000Z"
"BenchmarkDotNet","0.11.5.1067","2019-04-17T14:04:45.0000000Z"
"BenchmarkDotNet","0.11.5.1068","2019-04-17T14:11:36.0000000Z"
"BenchmarkDotNet","0.11.5.1069","2019-05-03T08:59:16.0000000Z"
"BenchmarkDotNet","0.11.5.1070","2019-05-06T10:13:00.0000000Z"
"BenchmarkDotNet","0.11.5.1071","2019-05-07T16:52:30.0000000Z"
"BenchmarkDotNet","0.11.5.1072","2019-05-07T17:45:27.0000000Z"
"BenchmarkDotNet","0.11.5.1073","2019-05-07T19:39:08.0000000Z"
"BenchmarkDotNet","0.11.5.1074","2019-05-07T20:12:36.0000000Z"
"BenchmarkDotNet","0.11.5.1075","2019-05-09T09:36:13.0000000Z"
"BenchmarkDotNet","0.11.5.1076","2019-05-10T09:03:26.0000000Z"
"BenchmarkDotNet","0.11.5.1077","2019-05-11T07:59:29.0000000Z"
"BenchmarkDotNet","0.11.5.1078","2019-05-14T16:24:08.0000000Z"
"BenchmarkDotNet","0.11.5.1079","2019-05-17T00:19:57.0000000Z"
"BenchmarkDotNet","0.11.5.1080","2019-05-17T18:40:23.0000000Z"
"BenchmarkDotNet","0.11.5.1081","2019-05-17T20:38:41.0000000Z"
"BenchmarkDotNet","0.11.5.1083","2019-05-19T10:03:41.0000000Z"
"BenchmarkDotNet","0.11.5.1084","2019-05-19T10:08:03.0000000Z"
"BenchmarkDotNet","0.11.4.1085","2019-05-20T22:00:26.0000000Z"
"BenchmarkDotNet","0.11.5.1086","2019-05-20T23:21:10.0000000Z"
"BenchmarkDotNet","0.11.5.1089","2019-05-23T06:10:20.0000000Z"
"BenchmarkDotNet","0.11.5.1090","2019-05-23T07:54:18.0000000Z"
"BenchmarkDotNet","0.11.5.1095","2019-05-24T17:45:08.0000000Z"
"BenchmarkDotNet","0.11.5.1108","2019-07-01T17:11:05.0000000Z"
"BenchmarkDotNet","0.11.5.1109","2019-07-01T17:17:07.0000000Z"
"BenchmarkDotNet","0.11.5.1110","2019-07-01T17:47:36.0000000Z"
"BenchmarkDotNet","0.11.5.1111","2019-07-02T15:36:56.0000000Z"
"BenchmarkDotNet","0.11.5.1112","2019-07-02T16:11:35.0000000Z"
"BenchmarkDotNet","0.11.5.1113","2019-07-04T10:35:46.0000000Z"
"BenchmarkDotNet","0.11.5.1114","2019-07-09T11:42:42.0000000Z"
"BenchmarkDotNet","0.11.5.1115","2019-07-10T19:41:06.0000000Z"
"BenchmarkDotNet","0.11.5.1116","2019-07-11T20:44:36.0000000Z"
"BenchmarkDotNet","0.11.5.1118","2019-07-13T19:12:09.0000000Z"
"BenchmarkDotNet","0.11.5.1119","2019-07-15T12:49:25.0000000Z"
"BenchmarkDotNet","0.11.5.1120","2019-07-15T13:50:44.0000000Z"
"BenchmarkDotNet","0.11.5.1121","2019-07-15T18:35:58.0000000Z"
"BenchmarkDotNet","0.11.5.1122","2019-07-15T19:23:55.0000000Z"
"BenchmarkDotNet","0.11.5.1123","2019-07-18T16:37:06.0000000Z"
"BenchmarkDotNet","0.11.5.1124","2019-07-20T08:29:05.0000000Z"
"BenchmarkDotNet","0.11.5.1125","2019-07-22T07:47:27.0000000Z"
"BenchmarkDotNet","0.11.5.1126","2019-07-22T08:04:07.0000000Z"
"BenchmarkDotNet","0.11.5.1127","2019-07-23T09:16:54.0000000Z"
"BenchmarkDotNet","0.11.5.1128","2019-07-27T21:48:41.0000000Z"
"BenchmarkDotNet","0.11.5.1129","2019-07-28T13:46:57.0000000Z"
"BenchmarkDotNet","0.11.5.1130","2019-07-29T06:47:25.0000000Z"
"BenchmarkDotNet","0.11.5.1131","2019-08-02T12:59:13.0000000Z"
"BenchmarkDotNet","0.11.5.1132","2019-08-03T13:04:52.0000000Z"
"BenchmarkDotNet","0.11.5.1137","2019-08-06T12:09:08.0000000Z"
"BenchmarkDotNet","0.11.5.1138","2019-08-06T16:33:24.0000000Z"
"BenchmarkDotNet","0.11.5.1139","2019-08-08T13:34:26.0000000Z"
"BenchmarkDotNet","0.11.5.1141","2019-08-13T10:38:37.0000000Z"
"BenchmarkDotNet","0.11.5.1143","2019-08-13T13:41:41.0000000Z"
"BenchmarkDotNet","0.11.5.1146","2019-08-19T20:12:23.0000000Z"
"BenchmarkDotNet","0.11.5.1147","2019-08-20T07:40:47.0000000Z"
"BenchmarkDotNet","0.11.5.1148","2019-08-20T13:58:36.0000000Z"
"BenchmarkDotNet","0.11.5.1150","2019-08-20T17:09:01.0000000Z"
"BenchmarkDotNet","0.11.5.1149","2019-08-20T17:11:53.0000000Z"
"BenchmarkDotNet","0.11.5.1151","2019-08-21T16:29:10.0000000Z"
"BenchmarkDotNet","0.11.5.1152","2019-08-22T18:15:37.0000000Z"
"BenchmarkDotNet","0.11.5.1153","2019-08-22T18:49:23.0000000Z"
"BenchmarkDotNet","0.11.5.1154","2019-08-23T10:32:19.0000000Z"
"BenchmarkDotNet","0.11.5.1155","2019-08-23T11:30:10.0000000Z"
"BenchmarkDotNet","0.11.5.1156","2019-08-23T13:08:31.0000000Z"
"BenchmarkDotNet","0.11.5.1157","2019-08-23T13:11:13.0000000Z"
"BenchmarkDotNet","0.11.5.1158","2019-08-23T18:07:19.0000000Z"
"BenchmarkDotNet","0.11.5.1159","2019-08-27T08:39:19.0000000Z"
"BenchmarkDotNet","0.11.5.1160","2019-08-28T10:21:09.0000000Z"
"BenchmarkDotNet","0.11.5.1161","2019-08-28T11:51:32.0000000Z"
"BenchmarkDotNet","0.11.5.1162","2019-09-02T10:12:07.0000000Z"
"BenchmarkDotNet","0.11.5.1163","2019-09-02T12:24:53.0000000Z"
"BenchmarkDotNet","0.11.5.1164","2019-09-06T12:48:30.0000000Z"
"BenchmarkDotNet","0.11.5.1165","2019-09-06T14:03:04.0000000Z"
"BenchmarkDotNet","0.11.5.1166","2019-09-06T15:57:22.0000000Z"
"BenchmarkDotNet","0.11.5.1167","2019-09-09T12:35:14.0000000Z"
"BenchmarkDotNet","0.11.5.1168","2019-09-09T16:10:13.0000000Z"
"BenchmarkDotNet","0.11.5.1169","2019-09-13T06:53:15.0000000Z"
"BenchmarkDotNet","0.11.5.1170","2019-09-13T07:00:30.0000000Z"
"BenchmarkDotNet","0.11.5.1171","2019-09-14T08:45:31.0000000Z"
"BenchmarkDotNet","0.11.5.1172","2019-09-15T12:19:02.0000000Z"
"BenchmarkDotNet","0.11.5.1173","2019-09-15T12:29:12.0000000Z"
"BenchmarkDotNet","0.11.5.1174","2019-09-15T13:32:40.0000000Z"
"BenchmarkDotNet","0.11.5.1175","2019-09-15T18:06:47.0000000Z"
"BenchmarkDotNet","0.11.5.1176","2019-09-17T09:19:59.0000000Z"
"BenchmarkDotNet","0.11.5.1177","2019-09-23T06:34:47.0000000Z"
"BenchmarkDotNet","0.11.5.1178","2019-09-29T10:02:28.0000000Z"
"BenchmarkDotNet","0.11.5.1179","2019-10-01T02:07:46.0000000Z"
"BenchmarkDotNet","0.11.5.1180","2019-10-01T09:07:16.0000000Z"
"BenchmarkDotNet","0.11.5.1181","2019-10-01T09:19:25.0000000Z"
"BenchmarkDotNet","0.11.5.1182","2019-10-01T11:55:51.0000000Z"
"BenchmarkDotNet","0.11.5.1183","2019-10-01T14:10:36.0000000Z"
"BenchmarkDotNet","0.11.5.1184","2019-10-02T06:37:43.0000000Z"
"BenchmarkDotNet","0.11.5.1185","2019-10-02T06:38:36.0000000Z"
"BenchmarkDotNet","0.11.5.1186","2019-10-02T08:15:24.0000000Z"
"BenchmarkDotNet","0.11.5.1187","2019-10-03T09:01:13.0000000Z"
"BenchmarkDotNet","0.11.5.1188","2019-10-03T09:44:33.0000000Z"
"BenchmarkDotNet","0.11.5.1189","2019-10-03T10:46:53.0000000Z"
"BenchmarkDotNet","0.11.5.1190","2019-10-04T11:37:28.0000000Z"
"BenchmarkDotNet","0.11.5.1191","2019-10-07T17:25:56.0000000Z"
"BenchmarkDotNet","0.11.5.1192","2019-10-12T09:07:19.0000000Z"
"BenchmarkDotNet","0.11.5.1193","2019-10-12T18:07:34.0000000Z"
"BenchmarkDotNet","0.11.5.1194","2019-10-12T19:02:44.0000000Z"
"BenchmarkDotNet","0.11.5.1195","2019-10-12T19:06:23.0000000Z"
"BenchmarkDotNet","0.11.5.1196","2019-10-14T10:24:55.0000000Z"
"BenchmarkDotNet","0.11.5.1197","2019-10-15T16:15:43.0000000Z"
"BenchmarkDotNet","0.11.5.1198","2019-10-22T17:46:06.0000000Z"
"BenchmarkDotNet","0.11.5.1199","2019-10-22T18:07:45.0000000Z"
"BenchmarkDotNet","0.11.5.1201","2019-10-23T07:33:24.0000000Z"
"BenchmarkDotNet","0.11.5.1203","2019-10-23T11:42:44.0000000Z"
"BenchmarkDotNet","0.11.5.1202","2019-10-23T11:46:54.0000000Z"
"BenchmarkDotNet","0.11.5.1204","2019-10-23T16:26:58.0000000Z"
"BenchmarkDotNet","0.11.5.1205","2019-10-24T10:39:32.0000000Z"
"BenchmarkDotNet","0.11.5.1206","2019-10-24T11:26:20.0000000Z"
"BenchmarkDotNet","0.11.5.1208","2019-10-24T13:46:09.0000000Z"
"BenchmarkDotNet","0.12.0.1209","2019-10-24T15:40:16.0000000Z"
"BenchmarkDotNet","0.12.0.1210","2019-10-24T16:02:51.0000000Z"
"BenchmarkDotNet","0.12.0.1216","2019-10-28T19:33:30.0000000Z"
"BenchmarkDotNet","0.12.0.1217","2019-10-29T12:31:20.0000000Z"
"BenchmarkDotNet","0.12.0.1221","2019-10-29T19:18:04.0000000Z"
"BenchmarkDotNet","0.12.0.1222","2019-10-30T09:13:48.0000000Z"
"BenchmarkDotNet","0.12.0.1223","2019-10-30T09:45:34.0000000Z"
"BenchmarkDotNet","0.12.0.1225","2019-10-30T15:55:10.0000000Z"
"BenchmarkDotNet","0.12.0.1226","2019-10-31T17:03:21.0000000Z"
"BenchmarkDotNet","0.12.0.1227","2019-10-31T18:55:33.0000000Z"
"BenchmarkDotNet","0.12.0.1228","2019-11-02T15:58:32.0000000Z"
"BenchmarkDotNet","0.12.0.1229","2019-11-03T11:02:47.0000000Z"
"BenchmarkDotNet","0.12.0.1230","2019-11-08T11:50:39.0000000Z"
"BenchmarkDotNet","0.12.0.1231","2019-11-15T10:14:59.0000000Z"
"BenchmarkDotNet","0.12.0.1232","2019-11-18T12:28:36.0000000Z"
"BenchmarkDotNet","0.12.0.1233","2019-11-19T17:55:13.0000000Z"
"BenchmarkDotNet","0.12.0.1234","2019-11-19T18:28:03.0000000Z"
"BenchmarkDotNet","0.12.0.1235","2019-11-19T19:57:57.0000000Z"
"BenchmarkDotNet","0.12.0.1236","2019-11-21T07:34:59.0000000Z"
"BenchmarkDotNet","0.12.0.1239","2019-11-25T08:34:30.0000000Z"
"BenchmarkDotNet","0.12.0.1241","2019-11-27T10:18:13.0000000Z"
"BenchmarkDotNet","0.12.0.1242","2019-12-04T12:22:19.0000000Z"
"BenchmarkDotNet","0.12.0.1245","2019-12-05T18:11:44.0000000Z"
"BenchmarkDotNet","0.12.0.1246","2019-12-06T10:50:59.0000000Z"
"BenchmarkDotNet","0.12.0.1247","2019-12-06T16:10:08.0000000Z"
"BenchmarkDotNet","0.12.0.1248","2019-12-11T15:17:47.0000000Z"
"BenchmarkDotNet","0.12.0.1249","2019-12-11T15:53:45.0000000Z"
"BenchmarkDotNet","0.12.0.1250","2019-12-11T16:25:07.0000000Z"
"BenchmarkDotNet","0.12.0.1251","2019-12-11T16:52:32.0000000Z"
"BenchmarkDotNet","0.12.0.1257","2019-12-11T19:10:16.0000000Z"
"BenchmarkDotNet","0.12.0.1258","2019-12-12T06:14:25.0000000Z"
"BenchmarkDotNet","0.12.0.1259","2019-12-12T06:17:08.0000000Z"
"BenchmarkDotNet","0.12.0.1260","2019-12-12T09:18:33.0000000Z"
"BenchmarkDotNet","0.12.0.1261","2019-12-13T17:35:31.0000000Z"
"BenchmarkDotNet","0.12.0.1262","2019-12-16T15:55:38.0000000Z"
"BenchmarkDotNet","0.12.0.1263","2019-12-16T16:10:36.0000000Z"
"BenchmarkDotNet","0.12.0.1264","2019-12-16T16:56:49.0000000Z"
"BenchmarkDotNet","0.12.0.1265","2019-12-16T20:03:48.0000000Z"
"BenchmarkDotNet","0.12.0.1273","2019-12-27T08:21:58.0000000Z"
"BenchmarkDotNet","0.12.0.1275","2020-01-08T15:44:41.0000000Z"
"BenchmarkDotNet","0.12.0.1276","2020-01-08T17:48:49.0000000Z"
"BenchmarkDotNet","0.12.0.1277","2020-01-09T14:57:08.0000000Z"
"BenchmarkDotNet","0.12.0.1278","2020-01-09T17:01:15.0000000Z"
"BenchmarkDotNet","0.12.0.1279","2020-01-10T18:46:33.0000000Z"
"BenchmarkDotNet","0.12.0.1280","2020-01-12T12:37:13.0000000Z"
"BenchmarkDotNet","0.12.0.1281","2020-01-12T14:42:32.0000000Z"
"BenchmarkDotNet","0.12.0.1282","2020-01-12T14:46:42.0000000Z"
"BenchmarkDotNet","0.12.0.1283","2020-01-15T11:43:59.0000000Z"
"BenchmarkDotNet","0.12.0.1284","2020-01-22T10:31:34.0000000Z"
"BenchmarkDotNet","0.12.0.1285","2020-01-22T15:13:16.0000000Z"
"BenchmarkDotNet","0.12.0.1287","2020-01-31T14:31:43.0000000Z"
"BenchmarkDotNet","0.12.0.1288","2020-02-03T10:59:59.0000000Z"
"BenchmarkDotNet","0.12.0.1289","2020-02-03T11:14:12.0000000Z"
"BenchmarkDotNet","0.12.0.1290","2020-02-03T11:45:43.0000000Z"
"BenchmarkDotNet","0.12.0.1291","2020-02-13T08:40:36.0000000Z"
"BenchmarkDotNet","0.12.0.1292","2020-02-16T12:16:45.0000000Z"
"BenchmarkDotNet","0.12.0.1293","2020-02-18T15:34:27.0000000Z"
"BenchmarkDotNet","0.12.0.1294","2020-02-19T10:07:27.0000000Z"
"BenchmarkDotNet","0.12.0.1295","2020-02-19T13:14:46.0000000Z"
"BenchmarkDotNet","0.12.0.1296","2020-02-27T11:53:14.0000000Z"
"BenchmarkDotNet","0.12.0.1297","2020-02-27T12:23:48.0000000Z"
"BenchmarkDotNet","0.12.0.1299","2020-03-02T11:33:44.0000000Z"
"BenchmarkDotNet","0.12.0.1298","2020-03-02T11:35:07.0000000Z"
"BenchmarkDotNet","0.12.0.1300","2020-03-02T12:13:10.0000000Z"
"BenchmarkDotNet","0.12.0.1302","2020-03-02T12:16:25.0000000Z"
"BenchmarkDotNet","0.12.0.1303","2020-03-02T13:38:46.0000000Z"
"BenchmarkDotNet","0.12.0.1306","2020-03-03T10:33:54.0000000Z"
"BenchmarkDotNet","0.12.0.1307","2020-03-03T10:42:49.0000000Z"
"BenchmarkDotNet","0.12.0.1308","2020-03-03T11:47:21.0000000Z"
"BenchmarkDotNet","0.12.0.1309","2020-03-03T12:04:46.0000000Z"
"BenchmarkDotNet","0.12.0.1312","2020-03-03T14:50:29.0000000Z"
"BenchmarkDotNet","0.12.0.1315","2020-03-03T15:41:46.0000000Z"
"BenchmarkDotNet","0.12.0.1317","2020-03-06T11:56:02.0000000Z"
"BenchmarkDotNet","0.12.0.1320","2020-03-09T12:07:47.0000000Z"
"BenchmarkDotNet","0.12.0.1321","2020-03-10T10:40:31.0000000Z"
"BenchmarkDotNet","0.12.0.1322","2020-03-10T11:37:06.0000000Z"
"BenchmarkDotNet","0.12.0.1323","2020-03-10T13:28:39.0000000Z"
"BenchmarkDotNet","0.12.0.1324","2020-03-10T15:32:34.0000000Z"
"BenchmarkDotNet","0.12.0.1325","2020-03-10T17:55:12.0000000Z"
"BenchmarkDotNet","0.12.0.1326","2020-03-10T20:48:20.0000000Z"
"BenchmarkDotNet","0.12.0.1327","2020-03-11T10:09:55.0000000Z"
"BenchmarkDotNet","0.12.0.1328","2020-03-12T08:51:50.0000000Z"
"BenchmarkDotNet","0.12.0.1329","2020-03-12T10:15:03.0000000Z"
"BenchmarkDotNet","0.12.0.1330","2020-03-12T15:01:01.0000000Z"
"BenchmarkDotNet","0.12.0.1332","2020-03-14T11:45:53.0000000Z"
"BenchmarkDotNet","0.12.0.1333","2020-03-16T11:39:04.0000000Z"
"BenchmarkDotNet","0.12.0.1334","2020-03-16T16:54:24.0000000Z"
"BenchmarkDotNet","0.12.0.1335","2020-03-18T14:53:17.0000000Z"
"BenchmarkDotNet","0.12.0.1336","2020-03-18T16:10:07.0000000Z"
"BenchmarkDotNet","0.12.0.1337","2020-03-20T08:58:58.0000000Z"
"BenchmarkDotNet","0.12.0.1338","2020-03-30T06:26:10.0000000Z"
"BenchmarkDotNet","0.12.0.1339","2020-03-30T14:57:05.0000000Z"
"BenchmarkDotNet","0.12.0.1340","2020-04-04T11:51:08.0000000Z"
"BenchmarkDotNet","0.12.0.1341","2020-04-04T20:08:54.0000000Z"
"BenchmarkDotNet","0.12.0.1342","2020-04-04T20:24:40.0000000Z"
"BenchmarkDotNet","0.12.0.1343","2020-04-05T11:52:12.0000000Z"
"BenchmarkDotNet","0.12.0.1344","2020-04-05T14:18:10.0000000Z"
"BenchmarkDotNet","0.12.0.1345","2020-04-05T18:20:49.0000000Z"
"BenchmarkDotNet","0.12.0.1346","2020-04-05T18:43:00.0000000Z"
"BenchmarkDotNet","0.12.0.1347","2020-04-06T07:54:04.0000000Z"
"BenchmarkDotNet","0.12.0.1348","2020-04-06T09:22:54.0000000Z"
"BenchmarkDotNet","0.12.0.1349","2020-04-06T12:43:45.0000000Z"
"BenchmarkDotNet","0.12.1.1350","2020-04-06T14:34:36.0000000Z"
"BenchmarkDotNet","0.12.1.1351","2020-04-06T14:47:33.0000000Z"
"BenchmarkDotNet","0.12.1.1352","2020-04-06T15:04:45.0000000Z"
"BenchmarkDotNet","0.12.1.1353","2020-04-09T16:36:22.0000000Z"
"BenchmarkDotNet","0.12.1.1354","2020-04-09T16:37:37.0000000Z"
"BenchmarkDotNet","0.12.1.1355","2020-04-16T14:13:14.0000000Z"
"BenchmarkDotNet","0.12.1.1356","2020-04-20T20:59:25.0000000Z"
"BenchmarkDotNet","0.12.1.1357","2020-04-27T16:00:45.0000000Z"
"BenchmarkDotNet","0.12.1.1358","2020-04-27T16:31:09.0000000Z"
"BenchmarkDotNet","0.12.1.1359","2020-04-27T17:03:55.0000000Z"
"BenchmarkDotNet","0.12.1.1360","2020-04-27T17:35:53.0000000Z"
"BenchmarkDotNet","0.12.1.1361","2020-04-28T08:45:10.0000000Z"
"BenchmarkDotNet","0.12.1.1362","2020-04-28T09:16:16.0000000Z"
"BenchmarkDotNet","0.12.1.1363","2020-04-28T10:33:45.0000000Z"
"BenchmarkDotNet","0.12.1.1364","2020-04-30T19:13:02.0000000Z"
"BenchmarkDotNet","0.12.1.1365","2020-05-11T08:46:00.0000000Z"
"BenchmarkDotNet","0.12.1.1367","2020-05-13T08:20:30.0000000Z"
"BenchmarkDotNet","0.12.1.1368","2020-05-16T07:23:37.0000000Z"
"BenchmarkDotNet","0.12.1.1370","2020-05-23T16:13:14.0000000Z"
"BenchmarkDotNet","0.12.1.1371","2020-05-25T07:59:26.0000000Z"
"BenchmarkDotNet","0.12.1.1372","2020-06-10T15:23:28.0000000Z"
"BenchmarkDotNet","0.12.1.1373","2020-06-16T11:43:13.0000000Z"
"BenchmarkDotNet","0.12.1.1374","2020-06-16T12:23:14.0000000Z"
"BenchmarkDotNet","0.12.1.1377","2020-06-16T13:53:06.0000000Z"
"BenchmarkDotNet","0.12.1.1378","2020-06-22T07:44:22.0000000Z"
"BenchmarkDotNet","0.12.1.1379","2020-06-27T19:16:29.0000000Z"
"BenchmarkDotNet","0.12.1.1380","2020-06-29T12:04:30.0000000Z"
"BenchmarkDotNet","0.12.1.1381","2020-06-29T13:16:07.0000000Z"
"BenchmarkDotNet","0.12.1.1382","2020-06-29T14:31:09.0000000Z"
"BenchmarkDotNet","0.12.1.1383","2020-06-29T15:45:51.0000000Z"
"BenchmarkDotNet","0.12.1.1384","2020-06-30T10:49:12.0000000Z"
"BenchmarkDotNet","0.12.1.1385","2020-06-30T18:44:09.0000000Z"
"BenchmarkDotNet","0.12.1.1386","2020-07-14T13:38:13.0000000Z"
"BenchmarkDotNet","0.12.1.1387","2020-07-15T12:57:23.0000000Z"
"BenchmarkDotNet","0.12.1.1388","2020-07-15T14:41:38.0000000Z"
"BenchmarkDotNet","0.12.1.1389","2020-07-15T15:12:31.0000000Z"
"BenchmarkDotNet","0.12.1.1390","2020-07-15T15:14:19.0000000Z"
"BenchmarkDotNet","0.12.1.1391","2020-07-16T07:26:10.0000000Z"
"BenchmarkDotNet","0.12.1.1392","2020-07-16T07:27:26.0000000Z"
"BenchmarkDotNet","0.12.1.1393","2020-07-16T07:56:09.0000000Z"
"BenchmarkDotNet","0.12.1.1394","2020-07-16T07:57:42.0000000Z"
"BenchmarkDotNet","0.12.1.1396","2020-07-16T08:27:07.0000000Z"
"BenchmarkDotNet","0.12.1.1399","2020-07-16T08:58:55.0000000Z"
"BenchmarkDotNet","0.12.1.1400","2020-07-16T13:02:05.0000000Z"
"BenchmarkDotNet","0.12.1.1401","2020-07-16T15:49:00.0000000Z"
"BenchmarkDotNet","0.12.1.1402","2020-07-17T19:23:56.0000000Z"
"BenchmarkDotNet","0.12.1.1403","2020-07-18T10:44:30.0000000Z"
"BenchmarkDotNet","0.12.1.1404","2020-07-28T10:13:00.0000000Z"
"BenchmarkDotNet","0.12.1.1405","2020-07-29T17:32:03.0000000Z"
"BenchmarkDotNet","0.12.1.1406","2020-07-30T12:25:33.0000000Z"
"BenchmarkDotNet","0.12.1.1407","2020-08-12T11:19:40.0000000Z"
"BenchmarkDotNet","0.12.1.1408","2020-08-18T12:12:03.0000000Z"
"BenchmarkDotNet","0.12.1.1412","2020-08-24T10:13:07.0000000Z"
"BenchmarkDotNet","0.12.1.1413","2020-08-24T11:43:10.0000000Z"
"BenchmarkDotNet","0.12.1.1415","2020-08-24T12:49:47.0000000Z"
"BenchmarkDotNet","0.12.1.1416","2020-08-24T13:20:26.0000000Z"
"BenchmarkDotNet","0.12.1.1417","2020-08-24T15:30:20.0000000Z"
"BenchmarkDotNet","0.12.1.1418","2020-08-24T16:29:58.0000000Z"
"BenchmarkDotNet","0.12.1.1419","2020-09-02T11:33:08.0000000Z"
"BenchmarkDotNet","0.12.1.1420","2020-09-02T11:43:37.0000000Z"
"BenchmarkDotNet","0.12.1.1421","2020-10-01T15:19:04.0000000Z"
"BenchmarkDotNet","0.12.1.1422","2020-10-01T16:44:08.0000000Z"
"BenchmarkDotNet","0.12.1.1423","2020-10-01T18:02:20.0000000Z"
"BenchmarkDotNet","0.12.1.1424","2020-10-02T12:41:20.0000000Z"
"BenchmarkDotNet","0.12.1.1425","2020-10-02T13:13:15.0000000Z"
"BenchmarkDotNet","0.12.1.1426","2020-10-02T13:46:09.0000000Z"
"BenchmarkDotNet","0.12.1.1427","2020-10-02T14:21:34.0000000Z"
"BenchmarkDotNet","0.12.1.1428","2020-10-02T15:03:36.0000000Z"
"BenchmarkDotNet","0.12.1.1429","2020-10-15T13:28:22.0000000Z"
"BenchmarkDotNet","0.12.1.1430","2020-10-15T16:16:51.0000000Z"
"BenchmarkDotNet","0.12.1.1431","2020-10-16T13:26:58.0000000Z"
"BenchmarkDotNet","0.12.1.1432","2020-10-16T16:09:22.0000000Z"
"BenchmarkDotNet","0.12.1.1433","2020-10-20T10:12:00.0000000Z"
"BenchmarkDotNet","0.12.1.1435","2020-10-22T16:29:30.0000000Z"
"BenchmarkDotNet","0.12.1.1436","2020-10-22T17:52:25.0000000Z"
"BenchmarkDotNet","0.12.1.1437","2020-10-23T13:36:14.0000000Z"
"BenchmarkDotNet","0.12.1.1438","2020-10-23T15:07:05.0000000Z"
"BenchmarkDotNet","0.12.1.1441","2020-10-24T15:03:19.0000000Z"
"BenchmarkDotNet","0.12.1.1442","2020-10-24T16:19:14.0000000Z"
"BenchmarkDotNet","0.12.1.1443","2020-10-26T13:38:57.0000000Z"
"BenchmarkDotNet","0.12.1.1444","2020-10-26T15:19:50.0000000Z"
"BenchmarkDotNet","0.12.1.1445","2020-10-26T15:25:03.0000000Z"
"BenchmarkDotNet","0.12.1.1446","2020-10-26T15:53:52.0000000Z"
"BenchmarkDotNet","0.12.1.1447","2020-10-26T16:00:13.0000000Z"
"BenchmarkDotNet","0.12.1.1448","2020-10-26T16:26:13.0000000Z"
"BenchmarkDotNet","0.12.1.1449","2020-10-26T16:33:53.0000000Z"
"BenchmarkDotNet","0.12.1.1450","2020-10-26T16:59:29.0000000Z"
"BenchmarkDotNet","0.12.1.1451","2020-10-26T17:06:15.0000000Z"
"BenchmarkDotNet","0.12.1.1452","2020-10-26T17:30:29.0000000Z"
"BenchmarkDotNet","0.12.1.1453","2020-10-26T17:38:12.0000000Z"
"BenchmarkDotNet","0.12.1.1456","2020-11-02T12:27:54.0000000Z"
"BenchmarkDotNet","0.12.1.1457","2020-11-03T16:07:37.0000000Z"
"BenchmarkDotNet","0.12.1.1458","2020-11-04T17:52:55.0000000Z"
"BenchmarkDotNet","0.12.1.1460","2020-11-07T15:11:40.0000000Z"
"BenchmarkDotNet","0.12.1.1461","2020-11-07T15:42:35.0000000Z"
"BenchmarkDotNet","0.12.1.1462","2020-11-07T16:15:26.0000000Z"
"BenchmarkDotNet","0.12.1.1463","2020-11-08T09:43:07.0000000Z"
"BenchmarkDotNet","0.12.1.1464","2020-11-09T14:41:29.0000000Z"
"BenchmarkDotNet","0.12.1.1465","2020-11-10T13:10:59.0000000Z"
"BenchmarkDotNet","0.12.1.1466","2020-11-12T09:48:09.0000000Z"
"BenchmarkDotNet","0.12.1.1467","2020-11-19T13:55:45.0000000Z"
"BenchmarkDotNet","0.12.1.1468","2020-11-20T14:00:32.0000000Z"
"BenchmarkDotNet","0.12.1.1473","2020-12-07T19:08:59.0000000Z"
"BenchmarkDotNet","0.12.1.1474","2020-12-08T10:00:45.0000000Z"
"BenchmarkDotNet","0.12.1.1475","2020-12-16T09:51:42.0000000Z"
"BenchmarkDotNet","0.12.1.1476","2021-01-07T14:15:28.0000000Z"
"BenchmarkDotNet","0.12.1.1477","2021-01-07T16:08:19.0000000Z"
"BenchmarkDotNet","0.12.1.1478","2021-01-07T16:45:24.0000000Z"
"BenchmarkDotNet","0.12.1.1479","2021-01-08T14:05:08.0000000Z"
"BenchmarkDotNet","0.12.1.1480","2021-01-11T11:33:21.0000000Z"
"BenchmarkDotNet","0.12.1.1481","2021-01-12T12:01:14.0000000Z"
"BenchmarkDotNet","0.12.1.1485","2021-01-12T18:00:46.0000000Z"
"BenchmarkDotNet","0.12.1.1486","2021-01-12T18:33:14.0000000Z"
"BenchmarkDotNet","0.12.1.1488","2021-01-15T09:42:31.0000000Z"
"BenchmarkDotNet","0.12.1.1489","2021-01-20T16:48:58.0000000Z"
"BenchmarkDotNet","0.12.1.1490","2021-01-20T16:49:53.0000000Z"
"BenchmarkDotNet","0.12.1.1492","2021-01-20T17:20:54.0000000Z"
"BenchmarkDotNet","0.12.1.1491","2021-01-20T17:23:04.0000000Z"
"BenchmarkDotNet","0.12.1.1493","2021-01-20T17:57:46.0000000Z"
"BenchmarkDotNet","0.12.1.1494","2021-01-20T18:33:34.0000000Z"
"BenchmarkDotNet","0.12.1.1497","2021-01-21T13:50:08.0000000Z"
"BenchmarkDotNet","0.12.1.1499","2021-01-21T14:54:36.0000000Z"
"BenchmarkDotNet","0.12.1.1500","2021-01-21T15:31:55.0000000Z"
"BenchmarkDotNet","0.12.1.1501","2021-01-21T15:56:59.0000000Z"
"BenchmarkDotNet","0.12.1.1502","2021-01-21T16:08:40.0000000Z"
"BenchmarkDotNet","0.12.1.1503","2021-01-21T16:47:27.0000000Z"
"BenchmarkDotNet","0.12.1.1504","2021-01-21T17:25:36.0000000Z"
"BenchmarkDotNet","0.12.1.1509","2021-01-28T12:52:03.0000000Z"
"BenchmarkDotNet","0.12.1.1510","2021-01-29T15:26:22.0000000Z"
"BenchmarkDotNet","0.12.1.1513","2021-02-04T08:25:18.0000000Z"
"BenchmarkDotNet","0.12.1.1514","2021-02-08T12:36:08.0000000Z"
"BenchmarkDotNet","0.12.1.1516","2021-02-25T10:17:54.0000000Z"
"BenchmarkDotNet","0.12.1.1517","2021-03-04T16:40:38.0000000Z"
"BenchmarkDotNet","0.12.1.1518","2021-03-05T10:16:51.0000000Z"
"BenchmarkDotNet","0.12.1.1519","2021-03-08T12:56:38.0000000Z"
"BenchmarkDotNet","0.12.1.1521","2021-03-12T08:15:16.0000000Z"
"BenchmarkDotNet","0.12.1.1522","2021-03-15T09:55:35.0000000Z"
"BenchmarkDotNet","0.12.1.1525","2021-03-22T09:13:32.0000000Z"
"BenchmarkDotNet","0.12.1.1527","2021-03-31T08:44:04.0000000Z"
"BenchmarkDotNet","0.12.1.1528","2021-04-20T09:01:56.0000000Z"
"BenchmarkDotNet","0.12.1.1530","2021-04-20T14:41:37.0000000Z"
"BenchmarkDotNet","0.12.1.1532","2021-04-22T08:48:36.0000000Z"
"BenchmarkDotNet","0.12.1.1533","2021-04-22T14:30:52.0000000Z"
"BenchmarkDotNet","0.12.1.1534","2021-05-03T16:30:09.0000000Z"
"BenchmarkDotNet","0.12.1.1536","2021-05-04T11:43:00.0000000Z"
"BenchmarkDotNet","0.12.1.1537","2021-05-04T12:34:01.0000000Z"
"BenchmarkDotNet","0.12.1.1538","2021-05-06T16:41:31.0000000Z"
"BenchmarkDotNet","0.12.1.1541","2021-05-19T13:17:33.0000000Z"
"BenchmarkDotNet","0.12.1.1542","2021-05-19T13:37:33.0000000Z"
"BenchmarkDotNet","0.12.1.1543","2021-05-19T14:17:37.0000000Z"
"BenchmarkDotNet","0.13.0.1545","2021-05-19T15:45:59.0000000Z"
"BenchmarkDotNet","0.13.0.1546","2021-05-19T15:53:18.0000000Z"
"BenchmarkDotNet","0.13.0.1547","2021-05-19T16:23:55.0000000Z"
"BenchmarkDotNet","0.13.0.1548","2021-05-20T07:49:07.0000000Z"
"BenchmarkDotNet","0.13.0.1549","2021-05-20T09:21:02.0000000Z"
"BenchmarkDotNet","0.13.0.1550","2021-05-20T09:24:23.0000000Z"
"BenchmarkDotNet","0.13.0.1551","2021-05-20T11:22:28.0000000Z"
"BenchmarkDotNet","0.13.0.1552","2021-05-20T17:13:13.0000000Z"
"BenchmarkDotNet","0.13.0.1555","2021-06-03T08:33:18.0000000Z"
"BenchmarkDotNet","0.13.0.1556","2021-06-11T19:20:22.0000000Z"
"BenchmarkDotNet","0.13.0.1557","2021-06-14T12:56:11.0000000Z"
"BenchmarkDotNet","0.13.0.1558","2021-06-16T05:08:02.0000000Z"
"BenchmarkDotNet","0.13.0.1559","2021-06-17T15:26:48.0000000Z"
"BenchmarkDotNet","0.13.0.1560","2021-06-29T18:39:36.0000000Z"
"BenchmarkDotNet","0.13.0.1561","2021-06-29T19:17:13.0000000Z"
"BenchmarkDotNet","0.13.0.1562","2021-07-05T11:19:24.0000000Z"
"BenchmarkDotNet","0.13.0.1564","2021-07-21T08:52:41.0000000Z"
"BenchmarkDotNet","0.13.0.1565","2021-07-21T18:51:51.0000000Z"
"BenchmarkDotNet","0.13.0.1566","2021-07-22T07:55:12.0000000Z"
"BenchmarkDotNet","0.13.0.1574","2021-07-26T13:55:19.0000000Z"
"BenchmarkDotNet","0.13.0.1576","2021-07-27T09:52:37.0000000Z"
"BenchmarkDotNet","0.13.0.1578","2021-07-28T11:08:37.0000000Z"
"BenchmarkDotNet","0.13.0.1579","2021-07-29T16:05:02.0000000Z"
"BenchmarkDotNet","0.13.0.1580","2021-07-30T08:19:52.0000000Z"
"BenchmarkDotNet","0.13.0.1581","2021-08-03T15:17:43.0000000Z"
"BenchmarkDotNet","0.13.0.1582","2021-08-03T17:40:30.0000000Z"
"BenchmarkDotNet","0.13.0.1583","2021-08-04T14:23:58.0000000Z"
"BenchmarkDotNet","0.13.0.1586","2021-08-04T15:41:02.0000000Z"
"BenchmarkDotNet","0.13.0.1589","2021-08-04T16:17:28.0000000Z"
"BenchmarkDotNet","0.13.0.1591","2021-08-04T16:48:39.0000000Z"
"BenchmarkDotNet","0.13.0.1593","2021-08-04T17:24:25.0000000Z"
"BenchmarkDotNet","0.13.0.1594","2021-08-04T17:26:05.0000000Z"
"BenchmarkDotNet","0.13.0.1596","2021-08-05T09:52:52.0000000Z"
"BenchmarkDotNet","0.13.0.1597","2021-08-06T13:31:51.0000000Z"
"BenchmarkDotNet","0.13.1.1598","2021-08-11T15:07:26.0000000Z"
"BenchmarkDotNet","0.13.1.1599","2021-08-11T15:21:30.0000000Z"
"BenchmarkDotNet","0.13.1.1600","2021-08-12T21:00:47.0000000Z"
"BenchmarkDotNet","0.13.1.1603","2021-08-18T19:20:53.0000000Z"
"BenchmarkDotNet","0.13.1.1604","2021-08-19T08:00:28.0000000Z"
"BenchmarkDotNet","0.13.1.1605","2021-08-30T08:03:36.0000000Z"
"BenchmarkDotNet","0.13.1.1606","2021-09-02T16:42:12.0000000Z"
"BenchmarkDotNet","0.13.1.1608","2021-09-13T08:18:24.0000000Z"
"BenchmarkDotNet","0.13.1.1609","2021-09-24T19:11:20.0000000Z"
"BenchmarkDotNet","0.13.1.1610","2021-09-27T16:29:04.0000000Z"
"BenchmarkDotNet","0.13.1.1611","2021-09-27T16:33:27.0000000Z"
"BenchmarkDotNet","0.13.1.1612","2021-09-28T10:58:04.0000000Z"
"BenchmarkDotNet","0.13.1.1613","2021-10-13T06:50:16.0000000Z"
"BenchmarkDotNet","0.13.1.1614","2021-10-30T06:07:05.0000000Z"
"BenchmarkDotNet","0.13.1.1615","2021-11-04T11:46:56.0000000Z"
"BenchmarkDotNet","0.13.1.1616","2021-11-05T10:21:50.0000000Z"
"BenchmarkDotNet","0.13.1.1617","2021-11-16T16:10:44.0000000Z"
"BenchmarkDotNet","0.13.1.1618","2021-11-16T18:46:15.0000000Z"
"BenchmarkDotNet","0.13.1.1619","2021-11-17T14:16:35.0000000Z"
"BenchmarkDotNet","0.13.1.1620","2021-11-19T20:34:55.0000000Z"
"BenchmarkDotNet","0.13.1.1621","2021-11-23T19:17:37.0000000Z"
"BenchmarkDotNet","0.13.1.1622","2021-11-25T10:25:58.0000000Z"
"BenchmarkDotNet","0.13.1.1623","2021-11-25T14:40:32.0000000Z"
"BenchmarkDotNet","0.13.1.1624","2021-11-26T12:47:29.0000000Z"
"BenchmarkDotNet","0.13.1.1625","2021-12-02T14:47:47.0000000Z"
"BenchmarkDotNet","0.13.1.1626","2021-12-03T10:11:35.0000000Z"
"BenchmarkDotNet","0.13.1.1627","2021-12-06T12:33:17.0000000Z"
"BenchmarkDotNet","0.13.1.1628","2021-12-06T13:11:10.0000000Z"
"BenchmarkDotNet","0.13.1.1629","2021-12-06T16:16:30.0000000Z"
"BenchmarkDotNet","0.13.1.1630","2021-12-07T12:20:35.0000000Z"
"BenchmarkDotNet","0.13.1.1636","2021-12-08T15:20:07.0000000Z"
"BenchmarkDotNet","0.13.1.1637","2021-12-08T15:24:00.0000000Z"
"BenchmarkDotNet","0.13.1.1639","2021-12-09T09:09:56.0000000Z"
"BenchmarkDotNet","0.13.1.1640","2021-12-09T10:29:30.0000000Z"
"BenchmarkDotNet","0.13.1.1643","2021-12-09T11:33:08.0000000Z"
"BenchmarkDotNet","0.13.1.1644","2021-12-09T11:52:52.0000000Z"
"BenchmarkDotNet","0.13.1.1645","2021-12-09T12:10:47.0000000Z"
"BenchmarkDotNet","0.13.1.1646","2021-12-09T12:36:05.0000000Z"
"BenchmarkDotNet","0.13.1.1648","2021-12-09T13:14:14.0000000Z"
"BenchmarkDotNet","0.13.1.1649","2021-12-09T13:25:53.0000000Z"
"BenchmarkDotNet","0.13.1.1652","2021-12-09T13:53:13.0000000Z"
"BenchmarkDotNet","0.13.1.1653","2021-12-09T14:05:31.0000000Z"
"BenchmarkDotNet","0.13.1.1655","2021-12-09T14:30:57.0000000Z"
"BenchmarkDotNet","0.13.1.1656","2021-12-09T14:47:55.0000000Z"
"BenchmarkDotNet","0.13.1.1657","2021-12-09T15:11:16.0000000Z"
"BenchmarkDotNet","0.13.1.1658","2021-12-09T15:34:11.0000000Z"
"BenchmarkDotNet","0.13.1.1659","2021-12-09T16:20:15.0000000Z"
"BenchmarkDotNet","0.13.1.1660","2021-12-09T17:34:02.0000000Z"
"BenchmarkDotNet","0.13.1.1661","2021-12-09T18:28:36.0000000Z"
"BenchmarkDotNet","0.13.1.1662","2021-12-10T09:59:19.0000000Z"
"BenchmarkDotNet","0.13.1.1663","2021-12-14T11:56:33.0000000Z"
"BenchmarkDotNet","0.13.1.1664","2021-12-15T14:37:27.0000000Z"
"BenchmarkDotNet","0.13.1.1665","2021-12-16T12:24:26.0000000Z"
"BenchmarkDotNet","0.13.1.1666","2021-12-20T13:13:08.0000000Z"
"BenchmarkDotNet","0.13.1.1667","2021-12-20T14:00:56.0000000Z"
"BenchmarkDotNet","0.13.1.1668","2022-01-10T12:25:22.0000000Z"
"BenchmarkDotNet","0.13.1.1669","2022-01-11T18:42:48.0000000Z"
"BenchmarkDotNet","0.13.1.1670","2022-01-18T09:41:57.0000000Z"
"BenchmarkDotNet","0.13.1.1671","2022-01-23T08:27:57.0000000Z"
"BenchmarkDotNet","0.13.1.1672","2022-01-23T08:31:19.0000000Z"
"BenchmarkDotNet","0.13.1.1675","2022-01-31T18:03:56.0000000Z"
"BenchmarkDotNet","0.13.1.1676","2022-01-31T19:11:59.0000000Z"
"BenchmarkDotNet","0.13.1.1677","2022-01-31T20:41:57.0000000Z"
"BenchmarkDotNet","0.13.1.1678","2022-02-01T09:09:30.0000000Z"
"BenchmarkDotNet","0.13.1.1679","2022-02-01T11:02:11.0000000Z"
"BenchmarkDotNet","0.13.1.1681","2022-02-01T20:23:14.0000000Z"
"BenchmarkDotNet","0.13.1.1682","2022-02-02T17:13:40.0000000Z"
"BenchmarkDotNet","0.13.1.1683","2022-02-02T18:58:48.0000000Z"
"BenchmarkDotNet","0.13.1.1684","2022-02-02T19:11:45.0000000Z"
"BenchmarkDotNet","0.13.1.1685","2022-02-02T20:04:56.0000000Z"
"BenchmarkDotNet","0.13.1.1686","2022-02-03T03:16:10.0000000Z"
"BenchmarkDotNet","0.13.1.1687","2022-02-03T14:58:16.0000000Z"
"BenchmarkDotNet","0.13.1.1688","2022-02-03T15:59:25.0000000Z"
"BenchmarkDotNet","0.13.1.1689","2022-02-03T16:54:04.0000000Z"
"BenchmarkDotNet","0.13.1.1690","2022-02-04T14:16:03.0000000Z"
"BenchmarkDotNet","0.13.1.1691","2022-02-04T16:33:55.0000000Z"
"BenchmarkDotNet","0.13.1.1692","2022-02-04T16:50:17.0000000Z"
"BenchmarkDotNet","0.13.1.1693","2022-02-07T02:26:39.0000000Z"
"BenchmarkDotNet","0.13.1.1694","2022-02-07T16:35:16.0000000Z"
"BenchmarkDotNet","0.13.1.1695","2022-02-07T18:57:51.0000000Z"
"BenchmarkDotNet","0.13.1.1696","2022-02-08T12:22:17.0000000Z"
"BenchmarkDotNet","0.13.1.1697","2022-02-14T11:38:43.0000000Z"
"BenchmarkDotNet","0.13.1.1698","2022-02-14T11:51:51.0000000Z"
"BenchmarkDotNet","0.13.1.1699","2022-02-16T15:33:48.0000000Z"
"BenchmarkDotNet","0.13.1.1700","2022-02-16T15:38:08.0000000Z"
"BenchmarkDotNet","0.13.1.1701","2022-02-16T16:14:07.0000000Z"
"BenchmarkDotNet","0.13.1.1702","2022-02-21T12:22:32.0000000Z"
"BenchmarkDotNet","0.13.1.1704","2022-02-24T15:32:07.0000000Z"
"BenchmarkDotNet","0.13.1.1705","2022-03-02T16:08:06.0000000Z"
"BenchmarkDotNet","0.13.1.1706","2022-03-03T12:38:40.0000000Z"
"BenchmarkDotNet","0.13.1.1707","2022-03-10T14:30:50.0000000Z"
"BenchmarkDotNet","0.13.1.1708","2022-03-11T15:17:49.0000000Z"
"BenchmarkDotNet","0.13.1.1709","2022-03-11T16:12:53.0000000Z"
"BenchmarkDotNet","0.13.1.1711","2022-03-11T16:50:47.0000000Z"
"BenchmarkDotNet","0.13.1.1712","2022-03-11T17:27:37.0000000Z"
"BenchmarkDotNet","0.13.1.1713","2022-03-11T17:40:07.0000000Z"
"BenchmarkDotNet","0.13.1.1714","2022-03-11T18:59:00.0000000Z"
"BenchmarkDotNet","0.13.1.1715","2022-03-11T19:21:14.0000000Z"
"BenchmarkDotNet","0.13.1.1716","2022-03-11T19:36:22.0000000Z"
"BenchmarkDotNet","0.13.1.1718","2022-03-14T09:58:11.0000000Z"
"BenchmarkDotNet","0.13.1.1719","2022-03-17T10:27:34.0000000Z"
"BenchmarkDotNet","0.13.1.1721","2022-03-18T08:14:51.0000000Z"
"BenchmarkDotNet","0.13.1.1720","2022-03-18T08:15:48.0000000Z"
"BenchmarkDotNet","0.13.1.1722","2022-03-18T08:53:35.0000000Z"
"BenchmarkDotNet","0.13.1.1723","2022-03-18T09:32:45.0000000Z"
"BenchmarkDotNet","0.13.1.1724","2022-03-18T10:03:04.0000000Z"
"BenchmarkDotNet","0.13.1.1725","2022-03-18T10:24:32.0000000Z"
"BenchmarkDotNet","0.13.1.1726","2022-03-18T10:40:56.0000000Z"
"BenchmarkDotNet","0.13.1.1727","2022-03-18T11:18:59.0000000Z"
"BenchmarkDotNet","0.13.1.1728","2022-03-18T13:22:40.0000000Z"
"BenchmarkDotNet","0.13.1.1729","2022-03-21T15:38:38.0000000Z"
"BenchmarkDotNet","0.13.1.1730","2022-03-21T16:06:34.0000000Z"
"BenchmarkDotNet","0.13.1.1731","2022-03-21T17:02:37.0000000Z"
"BenchmarkDotNet","0.13.1.1732","2022-03-21T20:39:58.0000000Z"
"BenchmarkDotNet","0.13.1.1733","2022-03-22T15:21:30.0000000Z"
"BenchmarkDotNet","0.13.1.1734","2022-03-22T16:08:12.0000000Z"
"BenchmarkDotNet","0.13.1.1735","2022-03-22T16:11:54.0000000Z"
"BenchmarkDotNet","0.13.1.1736","2022-03-22T18:53:09.0000000Z"
"BenchmarkDotNet","0.13.1.1738","2022-03-22T20:31:06.0000000Z"
"BenchmarkDotNet","0.13.1.1737","2022-03-22T20:32:27.0000000Z"
"BenchmarkDotNet","0.13.1.1739","2022-03-23T17:11:09.0000000Z"
"BenchmarkDotNet","0.13.1.1740","2022-03-23T18:34:35.0000000Z"
"BenchmarkDotNet","0.13.1.1741","2022-03-28T09:32:59.0000000Z"
"BenchmarkDotNet","0.13.1.1742","2022-03-29T14:17:46.0000000Z"
"BenchmarkDotNet","0.13.1.1743","2022-03-29T14:57:37.0000000Z"
"BenchmarkDotNet","0.13.1.1744","2022-03-29T15:45:51.0000000Z"
"BenchmarkDotNet","0.13.1.1745","2022-03-29T17:51:33.0000000Z"
"BenchmarkDotNet","0.13.1.1746","2022-03-29T21:33:54.0000000Z"
"BenchmarkDotNet","0.13.1.1747","2022-03-29T21:34:45.0000000Z"
"BenchmarkDotNet","0.13.1.1749","2022-03-30T10:03:16.0000000Z"
"BenchmarkDotNet","0.13.1.1750","2022-03-30T10:52:14.0000000Z"
"BenchmarkDotNet","0.13.1.1751","2022-03-30T11:24:28.0000000Z"
"BenchmarkDotNet","0.13.1.1752","2022-03-31T08:04:04.0000000Z"
"BenchmarkDotNet","0.13.1.1753","2022-03-31T12:02:07.0000000Z"
"BenchmarkDotNet","0.13.1.1754","2022-04-01T14:56:54.0000000Z"
"BenchmarkDotNet","0.13.1.1755","2022-04-01T17:50:54.0000000Z"
"BenchmarkDotNet","0.13.1.1756","2022-04-03T03:59:05.0000000Z"
"BenchmarkDotNet","0.13.1.1757","2022-04-04T09:53:00.0000000Z"
"BenchmarkDotNet","0.13.1.1758","2022-04-04T10:21:36.0000000Z"
"BenchmarkDotNet","0.13.1.1759","2022-04-04T14:32:43.0000000Z"
"BenchmarkDotNet","0.13.1.1760","2022-04-05T12:42:35.0000000Z"
"BenchmarkDotNet","0.13.1.1761","2022-04-05T18:17:25.0000000Z"
"BenchmarkDotNet","0.13.1.1762","2022-04-06T09:25:51.0000000Z"
"BenchmarkDotNet","0.13.1.1763","2022-04-06T10:13:15.0000000Z"
"BenchmarkDotNet","0.13.1.1764","2022-04-06T10:23:30.0000000Z"
"BenchmarkDotNet","0.13.1.1772","2022-04-06T18:29:23.0000000Z"
"BenchmarkDotNet","0.13.1.1773","2022-04-06T20:52:43.0000000Z"
"BenchmarkDotNet","0.13.1.1774","2022-04-07T07:03:33.0000000Z"
"BenchmarkDotNet","0.13.1.1775","2022-04-07T08:00:31.0000000Z"
"BenchmarkDotNet","0.13.1.1777","2022-04-07T08:16:00.0000000Z"
"BenchmarkDotNet","0.13.1.1778","2022-04-07T08:59:39.0000000Z"
"BenchmarkDotNet","0.13.1.1779","2022-04-07T12:53:05.0000000Z"
"BenchmarkDotNet","0.13.1.1780","2022-04-16T20:29:25.0000000Z"
"BenchmarkDotNet","0.13.1.1781","2022-04-16T21:43:12.0000000Z"
"BenchmarkDotNet","0.13.1.1782","2022-04-16T22:39:37.0000000Z"
"BenchmarkDotNet","0.13.1.1783","2022-04-16T23:36:11.0000000Z"
"BenchmarkDotNet","0.13.1.1784","2022-04-17T12:32:07.0000000Z"
"BenchmarkDotNet","0.13.1.1785","2022-04-19T15:36:12.0000000Z"
"BenchmarkDotNet","0.13.1.1786","2022-04-19T16:07:41.0000000Z"
"BenchmarkDotNet","0.13.1.1787","2022-04-26T19:19:55.0000000Z"
"BenchmarkDotNet","0.13.1.1788","2022-04-26T19:55:05.0000000Z"
"BenchmarkDotNet","0.13.1.1789","2022-04-26T20:18:35.0000000Z"
"BenchmarkDotNet","0.13.1.1790","2022-04-29T15:18:14.0000000Z"
"BenchmarkDotNet","0.13.1.1791","2022-05-05T18:59:15.0000000Z"
"BenchmarkDotNet","0.13.1.1792","2022-05-07T11:39:28.0000000Z"
"BenchmarkDotNet","0.13.1.1793","2022-05-07T11:41:33.0000000Z"
"BenchmarkDotNet","0.13.1.1794","2022-05-12T17:00:00.0000000Z"
"BenchmarkDotNet","0.13.1.1795","2022-05-12T18:22:28.0000000Z"
"BenchmarkDotNet","0.13.1.1796","2022-06-21T22:58:36.0000000Z"
"BenchmarkDotNet","0.13.1.1799","2022-06-23T17:57:49.0000000Z"
"BenchmarkDotNet","0.13.1.1800","2022-06-24T07:22:18.0000000Z"
"BenchmarkDotNet","0.13.1.1801","2022-06-30T14:33:24.0000000Z"
"BenchmarkDotNet","0.13.1.1802","2022-06-30T15:31:49.0000000Z"
"BenchmarkDotNet","0.13.1.1803","2022-07-01T08:51:35.0000000Z"
"BenchmarkDotNet","0.13.1.1804","2022-07-01T08:52:46.0000000Z"
"BenchmarkDotNet","0.13.1.1805","2022-07-08T13:08:50.0000000Z"
"BenchmarkDotNet","0.13.1.1806","2022-07-08T15:20:50.0000000Z"
"BenchmarkDotNet","0.13.1.1807","2022-07-15T09:38:26.0000000Z"
"BenchmarkDotNet","0.13.1.1808","2022-07-15T14:24:12.0000000Z"
"BenchmarkDotNet","0.13.1.1810","2022-07-15T18:27:46.0000000Z"
"BenchmarkDotNet","0.13.1.1811","2022-07-18T10:00:36.0000000Z"
"BenchmarkDotNet","0.13.1.1812","2022-07-18T10:59:40.0000000Z"
"BenchmarkDotNet","0.13.1.1813","2022-07-18T11:48:52.0000000Z"
"BenchmarkDotNet","0.13.1.1814","2022-07-18T12:38:11.0000000Z"
"BenchmarkDotNet","0.13.1.1815","2022-07-18T14:37:39.0000000Z"
"BenchmarkDotNet","0.13.1.1817","2022-07-18T14:44:26.0000000Z"
"BenchmarkDotNet","0.13.1.1818","2022-07-18T15:35:02.0000000Z"
"BenchmarkDotNet","0.13.1.1819","2022-07-18T17:45:04.0000000Z"
"BenchmarkDotNet","0.13.1.1820","2022-07-20T09:42:19.0000000Z"
"BenchmarkDotNet","0.13.1.1821","2022-07-21T07:58:57.0000000Z"
"BenchmarkDotNet","0.13.1.1822","2022-07-22T07:29:46.0000000Z"
"BenchmarkDotNet","0.13.1.1823","2022-07-22T08:05:57.0000000Z"
"BenchmarkDotNet","0.13.1.1828","2022-07-26T11:00:33.0000000Z"
"BenchmarkDotNet","0.13.1.1829","2022-07-26T11:38:26.0000000Z"
"BenchmarkDotNet","0.13.1.1833","2022-07-28T11:53:31.0000000Z"
"BenchmarkDotNet","0.13.1.1835","2022-07-29T09:21:37.0000000Z"
"BenchmarkDotNet","0.13.1.1836","2022-08-02T13:02:49.0000000Z"
"BenchmarkDotNet","0.13.1.1838","2022-08-02T14:43:32.0000000Z"
"BenchmarkDotNet","0.13.1.1840","2022-08-02T15:38:47.0000000Z"
"BenchmarkDotNet","0.13.1.1841","2022-08-02T15:46:07.0000000Z"
"BenchmarkDotNet","0.13.1.1843","2022-08-08T11:16:10.0000000Z"
"BenchmarkDotNet","0.13.1.1845","2022-08-08T15:01:07.0000000Z"
"BenchmarkDotNet","0.13.1.1847","2022-08-17T10:32:08.0000000Z"
"BenchmarkDotNet","0.13.1.1853","2022-08-22T19:06:59.0000000Z"
"BenchmarkDotNet","0.13.1.1855","2022-08-23T12:56:52.0000000Z"
"BenchmarkDotNet","0.13.1.1856","2022-08-24T08:35:45.0000000Z"
"BenchmarkDotNet","0.13.1.1859","2022-08-24T11:11:05.0000000Z"
"BenchmarkDotNet","0.13.1.1864","2022-08-24T15:04:37.0000000Z"
"BenchmarkDotNet","0.13.1.1866","2022-08-25T12:39:48.0000000Z"
"BenchmarkDotNet","0.13.1.1867","2022-08-25T14:41:13.0000000Z"
"BenchmarkDotNet","0.13.1.1870","2022-08-26T06:57:50.0000000Z"
"BenchmarkDotNet","0.13.2.1871","2022-08-26T07:54:53.0000000Z"
"BenchmarkDotNet","0.13.2.1872","2022-08-26T08:45:39.0000000Z"
"BenchmarkDotNet","0.13.2.1873","2022-08-26T09:38:04.0000000Z"
"BenchmarkDotNet","0.13.2.1879","2022-08-30T20:58:46.0000000Z"
"BenchmarkDotNet","0.13.2.1881","2022-09-06T08:57:20.0000000Z"
"BenchmarkDotNet","0.13.2.1882","2022-09-12T11:13:22.0000000Z"
"BenchmarkDotNet","0.13.2.1883","2022-09-12T12:04:53.0000000Z"
"BenchmarkDotNet","0.13.2.1892","2022-09-14T16:02:23.0000000Z"
"BenchmarkDotNet","0.13.2.1893","2022-09-14T18:41:53.0000000Z"
"BenchmarkDotNet","0.13.2.1901","2022-09-22T08:26:01.0000000Z"
"BenchmarkDotNet","0.13.2.1907","2022-09-26T08:37:13.0000000Z"
"BenchmarkDotNet","0.13.2.1913","2022-09-27T01:49:55.0000000Z"
"BenchmarkDotNet","0.13.2.1920","2022-09-29T16:15:10.0000000Z"
"BenchmarkDotNet","0.13.2.1921","2022-09-29T17:03:43.0000000Z"
"BenchmarkDotNet","0.13.2.1928","2022-10-02T07:36:43.0000000Z"
"BenchmarkDotNet","0.13.2.1933","2022-10-05T17:54:06.0000000Z"
"BenchmarkDotNet","0.13.2.1934","2022-10-05T18:45:15.0000000Z"
"BenchmarkDotNet","0.13.2.1935","2022-10-06T09:04:00.0000000Z"
"BenchmarkDotNet","0.13.2.1936","2022-10-06T10:44:48.0000000Z"
"BenchmarkDotNet","0.13.2.1937","2022-10-06T18:11:42.0000000Z"
"BenchmarkDotNet","0.13.2.1938","2022-10-06T19:03:16.0000000Z"
"BenchmarkDotNet","0.13.2.1940","2022-10-07T11:17:35.0000000Z"
"BenchmarkDotNet","0.13.2.1941","2022-10-12T19:15:49.0000000Z"
"BenchmarkDotNet","0.13.2.1942","2022-10-12T20:06:37.0000000Z"
"BenchmarkDotNet","0.13.2.1943","2022-10-13T08:47:33.0000000Z"
"BenchmarkDotNet","0.13.2.1944","2022-10-13T09:38:50.0000000Z"
"BenchmarkDotNet","0.13.2.1945","2022-10-17T08:46:06.0000000Z"
"BenchmarkDotNet","0.13.2.1950","2022-10-17T14:25:34.0000000Z"
"BenchmarkDotNet","0.13.2.1951","2022-10-17T21:59:02.0000000Z"
"BenchmarkDotNet","0.13.2.1952","2022-10-17T22:52:12.0000000Z"
"BenchmarkDotNet","0.13.2.1953","2022-10-18T12:50:11.0000000Z"
"BenchmarkDotNet","0.13.2.1955","2022-10-26T14:06:01.0000000Z"
"BenchmarkDotNet","0.13.2.1956","2022-10-26T15:03:33.0000000Z"
"BenchmarkDotNet","0.13.2.1957","2022-10-26T15:56:57.0000000Z"
"BenchmarkDotNet","0.13.2.1958","2022-10-27T12:57:28.0000000Z"
"BenchmarkDotNet","0.13.2.1959","2022-10-28T07:40:56.0000000Z"
"BenchmarkDotNet","0.13.2.1960","2022-10-28T08:34:19.0000000Z"
"BenchmarkDotNet","0.13.2.1961","2022-10-28T14:39:00.0000000Z"
"BenchmarkDotNet","0.13.2.1962","2022-10-28T19:07:25.0000000Z"
"BenchmarkDotNet","0.13.2.1966","2022-10-29T19:50:00.0000000Z"
"BenchmarkDotNet","0.13.2.1967","2022-10-29T21:33:01.0000000Z"
"BenchmarkDotNet","0.13.2.1974","2022-10-31T07:35:46.0000000Z"
"BenchmarkDotNet","0.13.2.1978","2022-10-31T18:39:39.0000000Z"
"BenchmarkDotNet","0.13.2.1979","2022-10-31T19:32:19.0000000Z"
"BenchmarkDotNet","0.13.2.1980","2022-11-01T21:21:11.0000000Z"
"BenchmarkDotNet","0.13.2.1981","2022-11-01T22:15:13.0000000Z"
